,Skrot,Nazwa,Druga,Sektor
0,06N,MAGNA POLONIA SPÓŁKA AKCYJNA,06N (06MAGNA),GPW: Finanse inne
1,OCTAVA,OCTAVA SPÓŁKA AKCYJNA,08N (08OCTAVA),GPW: Deweloperzy
2,11-BIT-STUDIOS,11 BIT STUDIOS SPÓŁKA AKCYJNA,11B (11BIT),GPW: Informatyka
3,ATAL,ATAL SPÓŁKA AKCYJNA,1AT (ATAL),GPW: Deweloperzy
4,4FUN-MEDIA,4FUN MEDIA SPÓŁKA AKCYJNA,4FM (4FUNMEDIA),GPW: Media
5,AAT,ALTA SPÓŁKA AKCYJNA,AAT (ALTA),GPW: Deweloperzy
6,ABADONRE,ABADON REAL ESTATE SPÓŁKA AKCYJNA,ABA (ABADONRE),GPW: Budownictwo
7,ABC-DATA,ABC DATA SPÓŁKA AKCYJNA,ABC (ABCDATA),GPW: Handel hurtowy
8,ABE,AB SPÓŁKA AKCYJNA,ABE (ABPL),GPW: Handel hurtowy
9,ABM-SOLID,ABM SOLID SPÓŁKA AKCYJNA W UPADŁOŚCI UKŁADOWEJ,ABM (ABMSOLID),GPW: Budownictwo
10,ASSECO-BUSINESS-SOLUTIONS,ASSECO BUSINESS SOLUTIONS SPÓŁKA AKCYJNA,ABS (ASSECOBS),GPW: Informatyka
11,ACG,AC SPÓŁKA AKCYJNA,ACG (ACAUTOGAZ),GPW: Przemysł motoryzacyjny
12,ASSECO-POLAND,ASSECO POLAND SPÓŁKA AKCYJNA,ACP (ASSECOPOL),GPW: Informatyka
13,ACTION,ACTION SPÓŁKA AKCYJNA,ACT (ACTION),GPW: Handel hurtowy
14,ADIUVO-INVESTMENT,ADIUVO INVESTMENTS SPÓŁKA AKCYJNA,ADV (ADIUVO),GPW: Przemysł farmaceutyczny
15,AGORA,AGORA SPÓŁKA AKCYJNA,AGO (AGORA),GPW: Media
16,AGROTON,AGROTON PUBLIC LIMITED,AGT (AGROTON),GPW: Przemysł spożywczy
17,ALCHEMIA,ALCHEMIA SPÓŁKA AKCYJNA,ALC (ALCHEMIA),GPW: Przemysł metalowy
18,ALTUS,ALTUS TOWARZYSTWO FUNDUSZY INWESTYCYJNYCH SPÓŁKA AKCYJNA,ALI (ALTUSTFI),GPW: Rynek kapitałowy
19,ALL,AILLERON SPÓŁKA AKCYJNA,ALL (AILLERON),GPW: Informatyka
20,ALIOR-BANK,ALIOR BANK SPÓŁKA AKCYJNA,ALR (ALIOR),GPW: Banki
21,AMBRA,AMBRA SPÓŁKA AKCYJNA,AMB (AMBRA),GPW: Przemysł spożywczy
22,AMICA,AMICA WRONKI SPÓŁKA AKCYJNA,AMC (AMICA),GPW: Przemysł elektromaszynowy
23,ALUMETAL,ALUMETAL SPÓŁKA AKCYJNA,AML (ALUMETAL),GPW: Przemysł metalowy
24,APS-ENERGIA,APS ENERGIA SPÓŁKA AKCYJNA,APE (APSENERGY),GPW: Przemysł elektromaszynowy
25,AMPLI,AMPLI SPÓŁKA AKCYJNA W UPADŁOŚCI UKŁADOWEJ,APL (AMPLI),GPW: Handel hurtowy
26,APLISENS,APLISENS SPÓŁKA AKCYJNA,APN (APLISENS),GPW: Przemysł elektromaszynowy
27,APR,AUTO PARTNER SPÓŁKA AKCYJNA,APR (AUTOPARTN),GPW: Przemysł motoryzacyjny
28,APATOR,APATOR SPÓŁKA AKCYJNA,APT (APATOR),GPW: Przemysł elektromaszynowy
29,ARCUS,ARCUS SPÓŁKA AKCYJNA,ARC (ARCUS),GPW: Informatyka
30,ARH,ARCHICOM SPÓŁKA AKCYJNA,ARH (ARCHICOM),GPW: Deweloperzy
31,ARTERIA,ARTERIA SPÓŁKA AKCYJNA,ARR (ARTERIA),GPW: Usługi inne
32,ARTIFEX,ARTIFEX MUNDI SPÓŁKA AKCYJNA,ART (ARTIFEX),GPW: Informatyka
33,ASBISC,ASBISC ENTERPRISES PLC,ASB (ASBIS),GPW: Handel hurtowy
34,ASSECO-SOUTH-EASTERN-EUROPE,ASSECO SOUTH EASTERN EUROPE SPÓŁKA AKCYJNA,ASE (ASSECOSEE),GPW: Informatyka
35,ASM-GROUP,ASM GROUP SPÓŁKA AKCYJNA,ASM (ASMGROUP),GPW: Media
36,ASTARTA,ASTARTA HOLDING N.V.,AST (ASTARTA),GPW: Przemysł spożywczy
37,ARCTIC-PAPER,ARCTIC PAPER SPÓŁKA AKCYJNA,ATC (ARCTIC),GPW: Usługi inne
38,ATENDE,ATENDE SPÓŁKA AKCYJNA,ATD (ATENDE),GPW: Informatyka
39,ATM-GRUPA,ATM GRUPA SPÓŁKA AKCYJNA,ATG (ATMGRUPA),GPW: Media
40,ATLAS-ESTATES,ATLAS ESTATES LIMITED,ATL (ATLASEST),GPW: Deweloperzy
41,ATM,ATM SPÓŁKA AKCYJNA,ATM,GPW: Telekomunikacja
42,ATLANTA-POLAND,ATLANTA POLAND SPÓŁKA AKCYJNA,ATP (ATLANTAPL),GPW: Handel hurtowy
43,ATREM,ATREM SPÓŁKA AKCYJNA,ATR (ATREM),GPW: Usługi inne
44,ATS,ATLANTIS SE,ATS (ATLANTIS),GPW: Finanse inne
45,ATT,GRUPA AZOTY SPÓŁKA AKCYJNA,ATT (GRUPAAZOTY),GPW: Przemysł chemiczny
46,AUGAGROUP,AUGA GROUP AB,AUG (AUGA),GPW: Przemysł spożywczy
47,AWBUD,AWBUD SPÓŁKA AKCYJNA,AWB (AWBUD),GPW: Budownictwo
48,AIRWAY-MEDIX,AIRWAY MEDIX SPÓŁKA AKCYJNA,AWM (AIRWAY),GPW: Przemysł farmaceutyczny
49,BAHOLDING,BRITISH AUTOMOTIVE HOLDING SPÓŁKA AKCYJNA,BAH (BAHOLDING),GPW: Usługi inne
50,BALTONA,PRZEDSIĘBIORSTWO HANDLU ZAGRANICZNEGO BALTONA SPÓŁKA AKCYJNA,BAL (BALTONA),GPW: Handel detaliczny
51,BBI-DEVELOPMENT,BBI DEVELOPMENT SPÓŁKA AKCYJNA,BBD (BBIDEV),GPW: Deweloperzy
52,BETACOM,BETACOM SPÓŁKA AKCYJNA,BCM (BETACOM),GPW: Informatyka
53,BUDOPOL-WROCLAW,BUDOPOL-WROCŁAW SPÓŁKA AKCYJNA W UPADŁOŚCI UKŁADOWEJ,BDL (BUDOPOL),GPW: Budownictwo
54,BUDIMEX,BUDIMEX SPÓŁKA AKCYJNA,BDX (BUDIMEX),GPW: Budownictwo
55,ELEKTROCIEPLOWNIA-BEDZIN,ELEKTROCIEPŁOWNIA BĘDZIN SPÓŁKA AKCYJNA,BDZ (BEDZIN),GPW: Energetyka
56,BENEFIT-SYSTEMS,BENEFIT SYSTEMS SPÓŁKA AKCYJNA,BFT (BENEFIT),GPW: Usługi inne
57,BGZ-BNP-PARIBAS,BANK BGŻ BNP PARIBAS SPÓŁKA AKCYJNA,BGZ (BGZBNPP),GPW: Banki
58,BANK-HANDLOWY,BANK HANDLOWY W WARSZAWIE SPÓŁKA AKCYJNA,BHW (HANDLOWY),GPW: Banki
59,BIK,BIURO INWESTYCJI KAPITALOWYCH SPÓŁKA AKCYJNA,BIK,GPW: Deweloperzy
60,BIOTON,BIOTON SPÓŁKA AKCYJNA,BIO (BIOTON),GPW: Przemysł farmaceutyczny
61,BKM,POLSKI BANK KOMÓREK MACIERZYSTYCH SPÓŁKA AKCYJNA,BKM (PBKM),GPW: Usługi inne
62,BUMECH,BUMECH SPÓŁKA AKCYJNA,BMC (BUMECH),GPW: Przemysł elektromaszynowy
63,BIOMED-LUBLIN,BIOMED-LUBLIN WYTWÓRNIA SUROWIC I SZCZEPIONEK SPÓŁKA AKCYJNA W RESTRUKTURYZACJI,BML (BIOMEDLUB),GPW: Przemysł farmaceutyczny
64,BANK-OCHRONY-SRODOWISKA,BANK OCHRONY ŚRODOWISKA SPÓŁKA AKCYJNA,BOS,GPW: Banki
65,BOWIM,BOWIM SPÓŁKA AKCYJNA,BOW (BOWIM),GPW: Handel hurtowy
66,BRASTER,BRASTER SPÓŁKA AKCYJNA,BRA (BRASTER),GPW: Usługi inne
67,BERLING,BERLING SPÓŁKA AKCYJNA,BRG (BERLING),GPW: Handel hurtowy
68,BORYSZEW,BORYSZEW SPÓŁKA AKCYJNA,BRS (BORYSZEW),GPW: Przemysł metalowy
69,BSC-DRUKARNIA-OPAKOWAN,BSC DRUKARNIA OPAKOWAŃ SPÓŁKA AKCYJNA,BSC (BSCDRUK),GPW: Usługi inne
70,BEST,BEST SPÓŁKA AKCYJNA,BST (BEST),GPW: Finanse inne
71,BUWOG,BUWOG AG,BWO (BUWOG),GPW: Deweloperzy
72,INTER-CARS,INTER CARS SPÓŁKA AKCYJNA,CAR (INTERCARS),GPW: Przemysł motoryzacyjny
73,CCC,CCC SPÓŁKA AKCYJNA,CCC,GPW: Handel detaliczny
74,CLEAN-CARBON-ENERGY,CLEAN&amp;amp;CARBON ENERGY SPÓŁKA AKCYJNA,CCE (CCENERGY),GPW: Handel detaliczny
75,CDL,CDRL SPÓŁKA AKCYJNA,CDL (CDRL),GPW: Handel detaliczny
76,CD-PROJEKT,CD PROJEKT SPÓŁKA AKCYJNA,CDR (CDPROJEKT),GPW: Informatyka
77,CEZ,ČEZ. A.S.,CEZ,GPW: Energetyka
78,CFI-HOLDING,CFI HOLDING SPÓŁKA AKCYJNA,CFI,GPW: Budownictwo
79,CHEMOSERVIS-DWORY,CHEMOSERVIS-DWORY SPÓŁKA AKCYJNA,CHS (CHEMOS),GPW: Usługi inne
80,CIECH,CIECH SPÓŁKA AKCYJNA,CIE (CIECH),GPW: Przemysł chemiczny
81,CI-GAMES,CI GAMES SPÓŁKA AKCYJNA,CIG (CIGAMES),GPW: Informatyka
82,COAL-ENERGY,COAL ENERGY S.A.,CLE (COALENERG),GPW: Przemysł surowcowy
83,CLNPHARMA,CELON PHARMA SPÓŁKA AKCYJNA,CLN (CLNPHARMA),GPW: Przemysł farmaceutyczny
84,COMP,COMP SPÓŁKA AKCYJNA,CMP (COMP),GPW: Informatyka
85,COMARCH,COMARCH SPÓŁKA AKCYJNA,CMR (COMARCH),GPW: Informatyka
86,CERAMIKA-NOWA-GALA,CERAMIKA NOWA GALA SPÓŁKA AKCYJNA,CNG (NOWAGALA),GPW: Przemysł materiałów budowlanych
87,CENTRUM-NOWOCZESNYCH-TECHNOLOGII,CENTRUM NOWOCZESNYCH TECHNOLOGII SPÓŁKA AKCYJNA,CNT,GPW: Budownictwo
88,COGNOR,COGNOR SPÓŁKA AKCYJNA,COG (COGNOR),GPW: Przemysł metalowy
89,CAPITAL-PARTNERS,CAPITAL PARTNERS SPÓŁKA AKCYJNA,CPA (CAPITAL),GPW: Finanse inne
90,CPD,CPD SPÓŁKA AKCYJNA,CPD (CELTIC),GPW: Deweloperzy
91,CAPITAL-PARK,CAPITAL PARK SPÓŁKA AKCYJNA,CPG (CPGROUP),GPW: Deweloperzy
92,COMPERIA-PL,COMPERIA.PL SPÓŁKA AKCYJNA,CPL (COMPERIA),GPW: Media
93,CYFROWY-POLSAT,CYFROWY POLSAT SPÓŁKA AKCYJNA,CPS (CYFRPLSAT),GPW: Telekomunikacja
94,CORMAY,PZ CORMAY SPÓŁKA AKCYJNA,CRM (CORMAY),GPW: Przemysł farmaceutyczny
95,CALATRAVA-CAPITAL,CALATRAVA CAPITAL SPÓŁKA AKCYJNA,CTC (CALATRAVA),GPW: Finanse inne
96,CUBE-ITG,CUBE.ITG SPÓŁKA AKCYJNA,CTG (CUBEITG),GPW: Informatyka
97,CTS,CITY SERVICE SE,CTS (CITYSERV),GPW: Usługi inne
98,CZERWONA-TOREBKA,CZERWONA TOREBKA SPÓŁKA AKCYJNA,CZT (CZTOREBKA),GPW: Deweloperzy
99,DAT,DATAWALK SPÓŁKA AKCYJNA,DAT (DATAWALK),GPW: Informatyka
100,DEBICA,FIRMA OPONIARSKA DĘBICA SPÓŁKA AKCYJNA,DBC (DEBICA),GPW: Przemysł motoryzacyjny
101,DECORA,DECORA SPÓŁKA AKCYJNA,DCR (DECORA),GPW: Przemysł materiałów budowlanych
102,DEKPOL,DEKPOL SPÓŁKA AKCYJNA,DEK (DEKPOL),GPW: Budownictwo
103,DELKO,DELKO SPÓŁKA AKCYJNA,DEL (DELKO),GPW: Handel hurtowy
104,DGA,DGA SPÓŁKA AKCYJNA,DGA,GPW: Usługi inne
105,DNP,DINO POLSKA SPÓŁKA AKCYJNA,DNP (DINOPL),GPW: Handel detaliczny
106,DOM-DEVELOPMENT,DOM DEVELOPMENT SPÓŁKA AKCYJNA,DOM (DOMDEV),GPW: Deweloperzy
107,DROZAPOL-PROFIL,DROZAPOL-PROFIL SPÓŁKA AKCYJNA,DPL (DROZAPOL),GPW: Handel hurtowy
108,DREWEX,DREWEX SPÓŁKA AKCYJNA,DRE (DREWEX),GPW: Przemysł drzewny
109,DROP,DROP SPÓŁKA AKCYJNA,DRP (DROP),GPW: Usługi inne
110,ESOTIQ-HENDERSON,ESOTIQ &amp;amp; HENDERSON SPÓŁKA AKCYJNA,EAH (ESOTIQ),GPW: Handel detaliczny
111,EAT,AMREST HOLDINGS SE,EAT (AMREST),GPW: Hotele i restauracje
112,ECHO-INVESTMENT,ECHO INVESTMENT SPÓŁKA AKCYJNA,ECH (ECHO),GPW: Deweloperzy
113,ED-INVEST,ED INVEST SPÓŁKA AKCYJNA,EDI (EDINVEST),GPW: Deweloperzy
114,EKO-EXPORT,EKO EXPORT SPÓŁKA AKCYJNA,EEX (EKOEXPORT),GPW: Przemysł inne
115,EFEKT,KORPORACJA GOSPODARCZA EFEKT SPÓŁKA AKCYJNA,EFK (EFEKT),GPW: Usługi inne
116,ERGIS-EUROFILMS,ERGIS SPÓŁKA AKCYJNA,EGS (ERGIS),GPW: Przemysł tworzyw sztucznych
117,EUROHOLD-BULGARIA,EUROHOLD BULGARIA AD,EHG (EUROHOLD),GPW: Finanse inne
118,ELKOP,ELKOP SPÓŁKA AKCYJNA,EKP (ELKOP),GPW: Deweloperzy
119,ELEKTROBUDOWA,ELEKTROBUDOWA SPÓŁKA AKCYJNA,ELB (ELBUDOWA),GPW: Budownictwo
120,ELEKTROTIM,ELEKTROTIM SPÓŁKA AKCYJNA,ELT (ELEKTROTI),GPW: Budownictwo
121,ELZAB,ZAKŁADY URZĄDZEŃ KOMPUTEROWYCH ELZAB SPÓŁKA AKCYJNA,ELZ (ELZAB),GPW: Informatyka
122,EMC,EMC INSTYTUT MEDYCZNY SPÓŁKA AKCYJNA,EMC (EMCINSMED),GPW: Usługi inne
123,ELEMENTAL-HOLDING,ELEMENTAL HOLDING SPÓLKA AKCYJNA,EMT (ELEMENTAL),GPW: Usługi inne
124,ENEA,ENEA SPÓŁKA AKCYJNA,ENA (ENEA),GPW: Energetyka
125,ENEL-MED,CENTRUM MEDYCZNE ENEL-MED SPÓŁKA AKCYJNA,ENE (ENELMED),GPW: Usługi inne
126,ENERGA,ENERGA SPÓŁKA AKCYJNA,ENG (ENERGA),GPW: Energetyka
127,ENERGOINSTAL,ENERGOINSTAL SPÓŁKA AKCYJNA,ENI (ENERGOINS),GPW: Przemysł elektromaszynowy
128,ENERGOAPARATURA,ENERGOAPARATURA SPÓŁKA AKCYJNA,ENP (ENAP),GPW: Budownictwo
129,ENT,ENTER AIR SPÓŁKA AKCYJNA,ENT (ENTER),GPW: Usługi inne
130,ERBUD,ERBUD SPÓŁKA AKCYJNA,ERB (ERBUD),GPW: Budownictwo
131,ERG,ERG SPÓŁKA AKCYJNA,ERG,GPW: Przemysł tworzyw sztucznych
132,ES-SYSTEM,ES-SYSTEM SPÓŁKA AKCYJNA,ESS (ESSYSTEM),GPW: Usługi inne
133,EST,ENEFI ENERGIAHATÉKONYSÁGI NYRT.,EST (ESTAR),GPW: Energetyka
134,EUROTEL,EUROTEL SPÓŁKA AKCYJNA,ETL (EUROTEL),GPW: Handel detaliczny
135,EUROPEJSKIE-CENTRUM-ODSZKODOWAN,EUROPEJSKIE CENTRUM ODSZKODOWAŃ SPÓŁKA AKCYJNA,EUC (EUCO),GPW: Finanse inne
136,EUROCASH,EUROCASH SPÓŁKA AKCYJNA,EUR (EUROCASH),GPW: Handel detaliczny
137,EVEREST-INVESTMENTS,EVEREST INVESTMENTS SPÓŁKA AKCYJNA,EVE (EVEREST),GPW: Finanse inne
138,FEERUM,FEERUM SPÓŁKA AKCYJNA,FEE (FEERUM),GPW: Przemysł metalowy
139,FERRUM,FERRUM SPÓŁKA AKCYJNA,FER (FERRUM),GPW: Przemysł metalowy
140,FAST-FINANCE,FAST FINANCE SPÓŁKA AKCYJNA,FFI (FASTFIN),GPW: Finanse inne
141,FENGHUA-SOLETECH,FENGHUA SOLETECH AG,FGT (FENGHUA),GPW: Przemysł tworzyw sztucznych
142,FAMUR,FAMUR SPÓŁKA AKCYJNA,FMF (FAMUR),GPW: Przemysł elektromaszynowy
143,FMG,FINANCIAL ASSETS MANAGEMENT GROUP SPÓŁKA AKCYJNA,FMG,GPW: Finanse inne
144,FON,FON SE,FON,GPW: Finanse inne
145,FERRO,FERRO SPÓŁKA AKCYJNA,FRO (FERRO),GPW: Przemysł materiałów budowlanych
146,FASING,FABRYKI SPRZĘTU I NARZĘDZI GÓRNICZYCH GRUPA KAPITAŁOWA FASING SPÓŁKA AKCYJNA,FSG (FASING),GPW: Przemysł metalowy
147,FORTE,FABRYKI MEBLI FORTE SPÓŁKA AKCYJNA,FTE (FORTE),GPW: Przemysł drzewny
148,GBK,GETBACK SPÓŁKA AKCYJNA,GBK (GETBACK),GPW: Finanse inne
149,GROCLIN,GROCLIN SPÓŁKA AKCYJNA,GCN (GROCLIN),GPW: Przemysł motoryzacyjny
150,IMMOBILE,GRUPA KAPITAŁOWA IMMOBILE SPÓŁKA AKCYJNA,GKI (IMMOBILE),GPW: Konglomeraty
151,GLOBAL-COSMED,GLOBAL COSMED SPÓŁKA AKCYJNA,GLC (GLCOSMED),GPW: Przemysł farmaceutyczny
152,GETIN-NOBLE-BANK,GETIN NOBLE BANK SPÓŁKA AKCYJNA,GNB (GETINOBLE),GPW: Banki
153,GOBARTO,GOBARTO SPÓŁKA AKCYJNA,GOB (GOBARTO),GPW: Przemysł spożywczy
154,GPR,GLOBALWORTH POLAND REAL ESTATE N.V.,GPR (GPRE),GPW: Deweloperzy
155,GPW,GIEŁDA PAPIERÓW WARTOŚCIOWYCH W WARSZAWIE SPÓŁKA AKCYJNA,GPW,GPW: Rynek kapitałowy
156,GINO-ROSSI,GINO ROSSI SPÓŁKA AKCYJNA,GRI (GINOROSSI),GPW: Handel detaliczny
157,GRODNO,GRODNO SPÓŁKA AKCYJNA,GRN (GRODNO),GPW: Handel hurtowy
158,GTC,GLOBE TRADE CENTRE SPÓŁKA AKCYJNA,GTC,GPW: Deweloperzy
159,GETIN-HOLDING,GETIN HOLDING SPÓŁKA AKCYJNA,GTN (GETIN),GPW: Banki
160,HYDROTOR,PRZEDSIĘBIORSTWO HYDRAULIKI SIŁOWEJ HYDROTOR S.A.,HDR (HYDROTOR),GPW: Przemysł elektromaszynowy
161,HELIO,HELIO SPÓŁKA AKCYJNA,HEL (HELIO),GPW: Przemysł spożywczy
162,HOLLYWOOD,HOLLYWOOD SPÓŁKA AKCYJNA,HLD (HOLLYWOOD),GPW: Usługi inne
163,HARPER-HYGIENICS,HARPER HYGIENICS SPÓŁKA AKCYJNA,HRP (HARPER),GPW: Przemysł farmaceutyczny
164,HERKULES,HERKULES SPÓŁKA AKCYJNA,HRS (HERKULES),GPW: Budownictwo
165,HUBSTYLE,HUBSTYLE SPÓŁKA AKCYJNA,HUB (HUBSTYLE),GPW: Media
166,I2D,I2 DEVELOPMENT SPÓŁKA AKCYJNA,I2D (I2DEV),GPW: Deweloperzy
167,IALBGR,IALBATROS GROUP SPÓŁKA AKCYJNA,IAG (IALBGR),GPW: Usługi inne
168,IBSM,IBSM SPÓŁKA AKCYJNA,IBS (IBSM),GPW: Deweloperzy
169,IDEA-BANK,IDEA BANK SPÓŁKA AKCYJNA,IDA (IDEABANK),GPW: Banki
170,IDEON,IDEON SPÓŁKA AKCYJNA,IDE (IDEON),GPW: Energetyka
171,INDYGOTECH-MINERALS,INDYGOTECH MINERALS SPÓŁKA AKCYJNA,IDG (INDYGO),GPW: Finanse inne
172,IDM,IDM SPÓŁKA AKCYJNA W UPADŁOŚCI UKŁADOWEJ,IDM (IDMSA),GPW: Rynek kapitałowy
173,INDATA-SOFTWARE,INDATA SOFTWARE SPÓŁKA AKCYJNA,IDT (INDATA),GPW: Informatyka
174,IFC,INVESTMENT FRIENDS CAPITAL SE,IFC (IFCAPITAL),GPW: Finanse inne
175,IFI,IFIRMA SPÓŁKA AKCYJNA,IFI (IFIRMA),GPW: Informatyka
176,IFR,INVESTMENT FRIENDS SE,IFR (IFSA),GPW: Finanse inne
177,IIA,IMMOFINANZ AG,IIA (IIAAV),GPW: Deweloperzy
178,INDUSTRIAL-MILK-COMPANY,INDUSTRIAL MILK COMPANY S.A.,IMC (IMCOMPANY),GPW: Przemysł spożywczy
179,IMPERA,IMPERA CAPITAL SPÓŁKA AKCYJNA,IMP (IMPERA),GPW: Finanse inne
180,IMS,IMS SPÓŁKA AKCYJNA,IMS,GPW: Usługi inne
181,INC,INC SPÓŁKA AKCYJNA,INC,GPW: Finanse inne
182,INDYKPOL,INDYKPOL SPÓŁKA AKCYJNA,IND (INDYKPOL),GPW: Przemysł spożywczy
183,INTERFERIE,INTERFERIE SPÓŁKA AKCYJNA,INF (INTERFERI),GPW: Hotele i restauracje
184,ING-BANK-SLASKI,ING BANK ŚLĄSKI SPÓŁKA AKCYJNA,ING (INGBSK),GPW: Banki
185,INSTAL-KRAKOW,INSTAL KRAKÓW SPÓŁKA AKCYJNA,INK (INSTALKRK),GPW: Budownictwo
186,INTROL,INTROL SPÓŁKA AKCYJNA,INL (INTROL),GPW: Przemysł elektromaszynowy
187,INPRO,INPRO SPÓŁKA AKCYJNA,INP (INPRO),GPW: Deweloperzy
188,INVISTA,INVISTA SPÓŁKA AKCYJNA,INV (INVISTA),GPW: Finanse inne
189,IPOPEMA,IPOPEMA SECURITIES SPÓŁKA AKCYJNA,IPE (IPOPEMA),GPW: Rynek kapitałowy
190,INTERNATIONAL-PERSONAL-FINANCE-PLC,INTERNATIONAL PERSONAL FINANCE PUBLIC LIMITED COMPANY,IPF (PROVIDENT),GPW: Finanse inne
191,IMPEL,IMPEL SPÓŁKA AKCYJNA,IPL (IMPEL),GPW: Usługi inne
192,INTERSPPL,INTERSPORT POLSKA SPÓŁKA AKCYJNA,IPO (INTERSPPL),GPW: Handel detaliczny
193,IPX,IMPEXMETAL SPÓŁKA AKCYJNA,IPX (IMPEXMET),GPW: Przemysł metalowy
194,IQ-PARTNERS,IQ PARTNERS SPÓŁKA AKCYJNA,IQP,GPW: Finanse inne
195,INTER-RAO-LIETUVA,AB INTER RAO LIETUVA,IRL (INTERAOLT),GPW: Energetyka
196,INTERBUD-LUBLIN,INTERBUD-LUBLIN SPÓŁKA AKCYJNA W RESTRUKTURYZACJI,ITB (INTERBUD),GPW: Budownictwo
197,ITM,INTERMA TRADE SPÓŁKA AKCYJNA,ITM (ITMTRADE),GPW: Handel detaliczny
198,IZOBLOK,IZOBLOK SPÓŁKA AKCYJNA,IZB (IZOBLOK),GPW: Przemysł tworzyw sztucznych
199,IZOLACJA-JAROCIN,IZOLACJA-JAROCIN SPÓŁKA AKCYJNA,IZO (IZOLACJA),GPW: Przemysł materiałów budowlanych
200,IZOSTAL,IZOSTAL SPÓŁKA AKCYJNA,IZS (IZOSTAL),GPW: Przemysł metalowy
201,JHM-DEVELOPMENT,JHM DEVELOPMENT SPÓŁKA AKCYJNA,JHM (JHMDEV),GPW: Deweloperzy
202,JJ-AUTO,JJ AUTO AG,JJO (JJAUTO),GPW: Przemysł motoryzacyjny
203,JSW-JASTRZEBSKA-SPOLKA-WEGLOWA,JASTRZĘBSKA SPÓŁKA WĘGLOWA SPÓŁKA AKCYJNA,JSW,GPW: Przemysł surowcowy
204,JW-CONSTRUCTION,J. W. CONSTRUCTION HOLDING SPÓŁKA AKCYJNA,JWC (JWCONSTR),GPW: Deweloperzy
205,JWW-INVEST,JWW INVEST SPÓŁKA AKCYJNA,JWW (JWWINVEST),GPW: Przemysł elektromaszynowy
206,K2-INTERNET,K2 INTERNET SPÓŁKA AKCYJNA,K2I (K2INTERNT),GPW: Media
207,HENRYK-KANIA,ZAKŁADY MIĘSNE HENRYK KANIA SPÓŁKA AKCYJNA,KAN (KANIA),GPW: Przemysł spożywczy
208,KBD,KORPORACJA BUDOWLANA DOM SPÓŁKA AKCYJNA,KBD (KBDOM),GPW: Przemysł materiałów budowlanych
209,KRAKCHEMIA,KRAKCHEMIA SPÓŁKA AKCYJNA,KCH (KRAKCHEM),GPW: Przemysł tworzyw sztucznych
210,KCI,KCI SPÓŁKA AKCYJNA,KCI,GPW: Media
211,KDM-SHIPPING-PUBLIC-LIMITED,KDM SHIPPING PUBLIC LIMITED,KDM (KDMSHIPNG),GPW: Usługi inne
212,KERNEL,KERNEL HOLDING S.A.,KER (KERNEL),GPW: Przemysł spożywczy
213,KGHM,KGHM POLSKA MIEDŹ SPÓŁKA AKCYJNA,KGH (KGHM),GPW: Przemysł surowcowy
214,KGL,KORPORACJA KGL SPÓŁKA AKCYJNA,KGL,GPW: Przemysł tworzyw sztucznych
215,KOGENERACJA,ZESPÓŁ ELEKTROCIEPŁOWNI WROCŁAWSKICH KOGENERACJA SPÓŁKA AKCYJNA,KGN (KOGENERA),GPW: Energetyka
216,KOMPAP,PRZEDSIĘBIORSTWO PRODUKCYJNO HANDLOWE KOMPAP SPÓŁKA AKCYJNA,KMP (KOMPAP),GPW: Usługi inne
217,KOMPUTRONIK,KOMPUTRONIK SPÓŁKA AKCYJNA,KOM (KOMPUTRON),GPW: Handel detaliczny
218,KPD,KOSZALIŃSKIE PRZEDSIĘBIORSTWO PRZEMYSŁU DRZEWNEGO SPÓŁKA AKCYJNA,KPD (KPPD),GPW: Przemysł drzewny
219,KINO-POLSKA-TV,KINO POLSKA TV SPÓŁKA AKCYJNA,KPL (KINOPOL),GPW: Media
220,KRYNICKI-RECYKLING,KRYNICKI RECYKLING SPÓŁKA AKCYJNA,KRC (KREC),GPW: Przemysł inne
221,KREDYT-INKASO,KREDYT INKASO SPÓŁKA AKCYJNA,KRI (KREDYTIN),GPW: Finanse inne
222,KRKA,KRKA. TOVARNA ZDRAVIL. D.D.. NOVO MESTO,KRK (KRKA),GPW: Przemysł farmaceutyczny
223,KRUK,KRUK SPÓŁKA AKCYJNA,KRU (KRUK),GPW: Finanse inne
224,KSG-AGRO,KSG AGRO S.A.,KSG (KSGAGRO),GPW: Przemysł spożywczy
225,KONSORCJUM-STALI,KONSORCJUM STALI SPÓŁKA AKCYJNA,KST (KONSSTALI),GPW: Handel hurtowy
226,KRUSZWICA,ZAKŁADY TŁUSZCZOWE KRUSZWICA SPÓŁKA AKCYJNA,KSW (KRUSZWICA),GPW: Przemysł spożywczy
227,KETY,GRUPA KĘTY SPÓŁKA AKCYJNA,KTY (KETY),GPW: Przemysł metalowy
228,KVT,KRYNICA VITAMIN SPÓŁKA AKCYJNA,KVT (KRVITAMIN),GPW: Przemysł spożywczy
229,KREZUS,KREZUS SPÓŁKA AKCYJNA,KZS (KREZUS),GPW: Finanse inne
230,LABO-PRINT,LABO PRINT SPÓŁKA AKCYJNA,LAB (LABOPRINT),GPW: Usługi inne
231,LIBET,LIBET SPÓŁKA AKCYJNA,LBT (LIBET),GPW: Przemysł materiałów budowlanych
232,LUBAWA,LUBAWA SPÓŁKA AKCYJNA,LBW (LUBAWA),GPW: Przemysł lekki
233,LC-CORP,LC CORP SPÓŁKA AKCYJNA,LCC (LCCORP),GPW: Deweloperzy
234,LENA-LIGHTING,LENA LIGHTING SPÓŁKA AKCYJNA,LEN (LENA),GPW: Przemysł elektromaszynowy
235,LKD,LOKUM DEWELOPER SPÓŁKA AKCYJNA,LKD (LOKUM),GPW: Deweloperzy
236,LPP,LPP SPÓŁKA AKCYJNA,LPP,GPW: Handel detaliczny
237,LARK-PL,LARK.PL SPÓŁKA AKCYJNA,LRK (LARK),GPW: Informatyka
238,CAM-MEDIA,LARQ SPÓŁKA AKCYJNA,LRQ (LARQ),GPW: Usługi inne
239,LSI-SOFTWARE,LSI SOFTWARE SPÓŁKA AKCYJNA,LSI (LSISOFT),GPW: Informatyka
240,LOTOS,GRUPA LOTOS SPÓŁKA AKCYJNA,LTS (LOTOS),GPW: Przemysł paliwowy
241,LENTEX,LENTEX SPÓŁKA AKCYJNA,LTX (LENTEX),GPW: Przemysł materiałów budowlanych
242,LIVECHAT,LIVECHAT SOFTWARE SPÓŁKA AKCYJNA,LVC (LIVECHAT),GPW: Informatyka
243,BOGDANKA,LUBELSKI WĘGIEL BOGDANKA SPÓŁKA AKCYJNA,LWB (BOGDANKA),GPW: Przemysł surowcowy
244,MABION,MABION SPÓŁKA AKCYJNA,MAB (MABION),GPW: Przemysł farmaceutyczny
245,MAKARONY-POLSKIE,MAKARONY POLSKIE SPÓŁKA AKCYJNA,MAK (MAKARONPL),GPW: Przemysł spożywczy
246,MBANK,MBANK SPÓŁKA AKCYJNA,MBK (MBANK),GPW: Banki
247,MBR,MO-BRUK SPÓŁKA AKCYJNA,MBR (MOBRUK),GPW: Przemysł inne
248,MBW,MARIE BRIZARD WINE &amp;amp; SPIRITS,MBW (MBWS),GPW: Przemysł spożywczy
249,MCI,MCI CAPITAL SPÓŁKA AKCYJNA,MCI,GPW: Finanse inne
250,MEDIACAP,MEDIACAP SPÓŁKA AKCYJNA,MCP (MEDIACAP),GPW: Media
251,MERCOR,MERCOR SPÓŁKA AKCYJNA,MCR (MERCOR),GPW: Przemysł materiałów budowlanych
252,MEDICALGORITHMICS,MEDICALGORITHMICS SPÓŁKA AKCYJNA,MDG (MEDICALG),GPW: Informatyka
253,MDI,MDI ENERGIA SPÓŁKA AKCYJNA,MDI (MDIENERGIA),GPW: Budownictwo
254,MEGARON,MEGARON SPÓŁKA AKCYJNA,MEG (MEGARON),GPW: Przemysł materiałów budowlanych
255,MEX-POLSKA,MEX POLSKA SPÓŁKA AKCYJNA,MEX (MEXPOLSKA),GPW: Hotele i restauracje
256,MFO,MFO SPÓŁKA AKCYJNA,MFO,GPW: Przemysł materiałów budowlanych
257,MGT,MANGATA HOLDING SPÓŁKA AKCYJNA,MGT (MANGATA),GPW: Przemysł metalowy
258,BANK-MILLENNIUM,BANK MILLENNIUM SPÓŁKA AKCYJNA,MIL (MILLENNIUM),GPW: Banki
259,MIRACULUM,MIRACULUM SPÓŁKA AKCYJNA,MIR (MIRACULUM),GPW: Przemysł farmaceutyczny
260,MLP-GROUP,MLP GROUP SPÓŁKA AKCYJNA,MLG (MLPGROUP),GPW: Deweloperzy
261,MILKILAND,MILKILAND N.V.,MLK (MILKILAND),GPW: Przemysł spożywczy
262,MLS,ML SYSTEM SPÓŁKA AKCYJNA,MLS (MLSYSTEM),GPW: Energetyka
263,MENNICA-POLSKA,MENNICA POLSKA SPÓŁKA AKCYJNA,MNC (MENNICA),GPW: Przemysł metalowy
264,MOJ,MOJ SPÓŁKA AKCYJNA,MOJ,GPW: Przemysł elektromaszynowy
265,MOL-MAGYAR-OLAJ,MOL MAGYAR OLAJ - ES GAZIPARI NYILVANOSAN MUKODO RESZVENYTARSASAG,MOL,GPW: Przemysł paliwowy
266,MONNARI-TRADE,MONNARI TRADE SPÓŁKA AKCYJNA,MON (MONNARI),GPW: Handel detaliczny
267,MPH,MASTER PHARM SPÓŁKA AKCYJNA,MPH (MASTERPHA),GPW: Przemysł farmaceutyczny
268,MIRBUD,MIRBUD SPÓŁKA AKCYJNA,MRB (MIRBUD),GPW: Budownictwo
269,MERCATOR,MERCATOR MEDICAL SPÓŁKA AKCYJNA,MRC (MERCATOR),GPW: Przemysł chemiczny
270,MOSTOSTAL-PLOCK,MOSTOSTAL PŁOCK SPÓŁKA AKCYJNA,MSP (MOSTALPLC),GPW: Budownictwo
271,MOSTOSTAL-WARSZAWA,MOSTOSTAL WARSZAWA SPÓŁKA AKCYJNA,MSW (MOSTALWAR),GPW: Budownictwo
272,MOSTOSTAL-ZABRZE,MOSTOSTAL ZABRZE SPÓŁKA AKCYJNA,MSZ (MOSTALZAB),GPW: Budownictwo
273,MEDIATEL,MEDIATEL SPÓŁKA AKCYJNA,MTL (MEDIATEL),GPW: Telekomunikacja
274,MVP,MARVIPOL DEVELOPMENT SPÓŁKA AKCYJNA,MVP (MARVIPOL),GPW: Deweloperzy
275,MW-TRADE,M.W. TRADE SPÓŁKA AKCYJNA,MWT (MWTRADE),GPW: Finanse inne
276,MXC,MAXCOM SPÓŁKA AKCYJNA,MXC (MAXCOM),GPW: Telekomunikacja
277,MUZA,MUZA SPÓŁKA AKCYJNA,MZA (MUZA),GPW: Media
278,MZN,MZN PROPERTY SPÓŁKA AKCYJNA,MZN (MORIZON),GPW: Media
279,NCT,NORTH COAST SPÓŁKA AKCYJNA,NCT (NORTCOAST),GPW: Handel hurtowy
280,NETMEDIA,NETMEDIA SPÓŁKA AKCYJNA,NEM (NETMEDIA),GPW: Usługi inne
281,NETIA,NETIA SPÓŁKA AKCYJNA,NET (NETIA),GPW: Telekomunikacja
282,NEUCA,NEUCA SPÓŁKA AKCYJNA,NEU (NEUCA),GPW: Handel hurtowy
283,NNG,NANOGROUP SPÓŁKA AKCYJNA,NNG (NANOGROUP),GPW: Usługi inne
284,NTT,NTT SYSTEM SPÓŁKA AKCYJNA,NTT (NTTSYSTEM),GPW: Informatyka
285,NTU,AB NOVATURAS,NTU (NOVATURAS),GPW: Hotele i restauracje
286,PANOVA,P.A. NOVA SPÓŁKA AKCYJNA,NVA (PANOVA),GPW: Budownictwo
287,NOVITA,NOVITA SPÓŁKA AKCYJNA,NVT (NOVITA),GPW: Przemysł lekki
288,NEWAG,NEWAG SPÓŁKA AKCYJNA,NWG (NEWAG),GPW: Przemysł elektromaszynowy
289,NWR-NEW-WORLD-RESOURCES,NEW WORLD RESOURCES PLC,NWR (NEWWORLDR),GPW: Przemysł surowcowy
290,OAT,ONCOARENDI THERAPEUTICS SPÓŁKA AKCYJNA,OAT,GPW: Przemysł farmaceutyczny
291,ORZEL-BIALY,ORZEŁ BIAŁY SPÓŁKA AKCYJNA,OBL (ORZBIALY),GPW: Przemysł metalowy
292,ODLEWNIE-POLSKIE,ODLEWNIE POLSKIE SPÓŁKA AKCYJNA,ODL (ODLEWNIE),GPW: Przemysł metalowy
293,OEX,OEX SPÓŁKA AKCYJNA,OEX,GPW: Usługi inne
294,OPEN-FINANCE,OPEN FINANCE SPÓŁKA AKCYJNA,OPF (OPENFIN),GPW: Finanse inne
295,ORCO-PROPERTY,ORCO PROPERTY GROUP SA,OPG (ORCOGROUP),GPW: Deweloperzy
296,ORANGE,ORANGE POLSKA SPÓŁKA AKCYJNA,OPL (ORANGEPL),GPW: Telekomunikacja
297,OPTEAM,OPTEAM SPÓŁKA AKCYJNA,OPM (OPTEAM),GPW: Informatyka
298,OPONEO-PL,OPONEO.PL SPÓŁKA AKCYJNA,OPN (OPONEO.PL),GPW: Handel detaliczny
299,ORBIS,ORBIS SPÓŁKA AKCYJNA,ORB (ORBIS),GPW: Hotele i restauracje
300,ORION-INVESTMENT,ORION INVESTMENT SPÓŁKA AKCYJNA,ORN (ORION),GPW: Deweloperzy
301,OTMUCHOW,ZAKŁADY PRZEMYSŁU CUKIERNICZEGO OTMUCHÓW SPÓŁKA AKCYJNA,OTM (OTMUCHOW),GPW: Przemysł spożywczy
302,OT-LOGISTICS,OT LOGISTICS SPÓŁKA AKCYJNA,OTS (OTLOG),GPW: Usługi inne
303,OVOSTAR,OVOSTAR UNION N.V.,OVO (OVOSTAR),GPW: Przemysł spożywczy
304,PATENTUS,PATENTUS SPÓŁKA AKCYJNA,PAT (PATENTUS),GPW: Przemysł elektromaszynowy
305,PBS-FINANSE,PBS FINANSE SPÓŁKA AKCYJNA,PBF (PBSFINANSE),GPW: Finanse inne
306,PBG,PBG SPÓŁKA AKCYJNA,PBG,GPW: Budownictwo
307,PEKABEX,POZNAŃSKA KORPORACJA BUDOWLANA PEKABEX SPÓŁKA AKCYJNA,PBX (PEKABEX),GPW: Przemysł materiałów budowlanych
308,POLICE,GRUPA AZOTY ZAKŁADY CHEMICZNE POLICE SPÓŁKA AKCYJNA,PCE (POLICE),GPW: Przemysł chemiczny
309,PC-GUARD,PC GUARD SPÓŁKA AKCYJNA,PCG (PCGUARD),GPW: Informatyka
310,PRIME-CAR-MANAGEMENT,PRIME CAR MANAGEMENT SPÓŁKA AKCYJNA,PCM,GPW: Finanse inne
311,ROKITA,PCC ROKITA SPÓŁKA AKCYJNA,PCR (PCCROKITA),GPW: Przemysł chemiczny
312,PCC-EXOL,PCC EXOL SPÓŁKA AKCYJNA,PCX (PCCEXOL),GPW: Przemysł chemiczny
313,PRAIRIE-MINING-LIMITED,PRAIRIE MINING LIMITED,PDZ (PRAIRIE),GPW: Przemysł surowcowy
314,PEM,PRIVATE EQUITY MANAGERS SPÓŁKA AKCYJNA,PEM (PEMANAGER),GPW: Finanse inne
315,PEKAO,BANK POLSKA KASA OPIEKI SPÓŁKA AKCYJNA,PEO (PEKAO),GPW: Banki
316,POLENERGIA,POLENERGIA SPÓŁKA AKCYJNA,PEP,GPW: Energetyka
317,PEIXIN,PEIXIN INTERNATIONAL GROUP N.V.,PEX (PEIXIN),GPW: Przemysł elektromaszynowy
318,PFLEIDERER-GRAJEWO,PFLEIDERER GROUP SPÓŁKA AKCYJNA,PFL (PFLEIDER),GPW: Przemysł drzewny
319,PGE,PGE POLSKA GRUPA ENERGETYCZNA SPÓŁKA AKCYJNA,PGE,GPW: Energetyka
320,POINT-GROUP,PMPG POLSKIE MEDIA SPÓŁKA AKCYJNA,PGM (PMPG),GPW: Media
321,PGNIG,POLSKIE GÓRNICTWO NAFTOWE I GAZOWNICTWO SPÓŁKA AKCYJNA,PGN (PGNIG),GPW: Przemysł paliwowy
322,POLSKA-GRUPA-ODLEWNICZA,PGO SPÓŁKA AKCYJNA,PGO,GPW: Przemysł metalowy
323,POLSKI-HOLDING-NIERUCHOMOSCI,POLSKI HOLDING NIERUCHOMOŚCI SPÓŁKA AKCYJNA,PHN,GPW: Deweloperzy
324,PLATYNOWE-INWESTYCJE,PLATYNOWE INWESTYCJE SPÓŁKA AKCYJNA,PIW (PLATYNINW),GPW: Usługi inne
325,PROJPRZEM,PROJPRZEM MAKRUM SPÓŁKA AKCYJNA,PJP (PROJPRZEM),GPW: Budownictwo
326,PKN-ORLEN,POLSKI KONCERN NAFTOWY ORLEN SPÓŁKA AKCYJNA,PKN (PKNORLEN),GPW: Przemysł paliwowy
327,PKO,POWSZECHNA KASA OSZCZĘDNOŚCI BANK POLSKI SPÓŁKA AKCYJNA,PKO (PKOBP),GPW: Banki
328,PKPCARGO,PKP CARGO SPÓŁKA AKCYJNA,PKP (PKPCARGO),GPW: Usługi inne
329,PLAYWAY,PLAYWAY SPÓŁKA AKCYJNA,PLW (PLAYWAY),GPW: Informatyka
330,PLAST-BOX,PRZETWÓRSTWO TWORZYW SZTUCZNYCH PLAST-BOX SPÓŁKA AKCYJNA,PLX (PLASTBOX),GPW: Przemysł tworzyw sztucznych
331,PLY,PLAY COMMUNICATIONS SPÓŁKA AKCYJNA,PLY (PLAY),GPW: Telekomunikacja
332,PLAZACNTR,PLAZA CENTERS N.V.,PLZ (PLAZACNTR),GPW: Deweloperzy
333,PRIMA-MODA,PRIMA MODA SPÓŁKA AKCYJNA,PMA (PRIMAMODA),GPW: Handel detaliczny
334,PEMUG,PEMUG SPÓŁKA AKCYJNA,PMG (PEMUG),GPW: Budownictwo
335,PAMAPOL,PAMAPOL SPÓŁKA AKCYJNA,PMP (PAMAPOL),GPW: Przemysł spożywczy
336,POLNORD,POLNORD SPÓŁKA AKCYJNA,PND (POLNORD),GPW: Deweloperzy
337,POZBUD,POZBUD T&amp;amp;R SPÓŁKA AKCYJNA,POZ (POZBUD),GPW: Przemysł materiałów budowlanych
338,PEPEES,PRZEDSIĘBIORSTWO PRZEMYSŁU SPOŻYWCZEGO PEPEES SPÓŁKA AKCYJNA,PPS (PEPEES),GPW: Przemysł spożywczy
339,PROCAD,PROCAD SPÓŁKA AKCYJNA,PRD (PROCAD),GPW: Informatyka
340,PRAGMA-FAKTORING,PRAGMA FAKTORING SPÓŁKA AKCYJNA,PRF (PRAGMAFA),GPW: Finanse inne
341,PRAGMA-INKASO,PRAGMA INKASO SPÓŁKA AKCYJNA,PRI (PRAGMAINK),GPW: Finanse inne
342,PROCHEM,PROCHEM SPÓŁKA AKCYJNA,PRM (PROCHEM),GPW: Budownictwo
343,PROTEKTOR,PROTEKTOR SPÓŁKA AKCYJNA,PRT (PROTEKTOR),GPW: Przemysł lekki
344,PGS-SOFTWARE,PGS SOFTWARE SPÓŁKA AKCYJNA,PSW (PGSSOFT),GPW: Informatyka
345,PRIMETECH,PRIMETECH SPÓŁKA AKCYJNA,PTH (PRIMETECH),GPW: Przemysł elektromaszynowy
346,ZPUE,ZPUE SPÓŁKA AKCYJNA,PUE (ZPUE),GPW: Przemysł elektromaszynowy
347,POLWAX,POLWAX SPÓŁKA AKCYJNA,PWX (POLWAX),GPW: Przemysł chemiczny
348,POLIMEX,POLIMEX - MOSTOSTAL SPÓŁKA AKCYJNA,PXM (POLIMEXMS),GPW: Budownictwo
349,PZU,POWSZECHNY ZAKŁAD UBEZPIECZEŃ SPÓŁKA AKCYJNA,PZU,GPW: Ubezpieczenia
350,QUMAK,QUMAK SPÓŁKA AKCYJNA,QMK (QUMAK),GPW: Informatyka
351,QUANTUM-SOFTWARE,QUANTUM SOFTWARE SPÓŁKA AKCYJNA,QNT (QUANTUM),GPW: Informatyka
352,QUERCUS,QUERCUS TOWARZYSTWO FUNDUSZY INWESTYCYJNYCH SPÓŁKA AKCYJNA,QRS (QUERCUS),GPW: Rynek kapitałowy
353,R22,R22 SPÓŁKA AKCYJNA,R22,GPW: Informatyka
354,RAFAMET,FABRYKA OBRABIAREK RAFAMET SPÓŁKA AKCYJNA,RAF (RAFAMET),GPW: Przemysł elektromaszynowy
355,RUBICON-PARTNERS,RUBICON PARTNERS SPÓŁKA AKCYJNA,RBC (RUBICON),GPW: Finanse inne
356,RAINBOW-TOURS,RAINBOW TOURS SPÓŁKA AKCYJNA,RBW (RAINBOW),GPW: Hotele i restauracje
357,RADPOL,RADPOL SPÓŁKA AKCYJNA,RDL (RADPOL),GPW: Przemysł tworzyw sztucznych
358,REDAN,REDAN SPÓŁKA AKCYJNA,RDN (REDAN),GPW: Handel detaliczny
359,REGNON,REGNON SPÓŁKA AKCYJNA,REG (REGNON),GPW: Usługi inne
360,RES,RESBUD SE,RES (RESBUD),GPW: Budownictwo
361,RAFAKO,RAFAKO SPÓŁKA AKCYJNA,RFK (RAFAKO),GPW: Przemysł elektromaszynowy
362,REINHOLD,REINHOLD EUROPE AB,RHD (REINHOLD),GPW: Deweloperzy
363,RELPOL,RELPOL SPÓŁKA AKCYJNA,RLP (RELPOL),GPW: Przemysł elektromaszynowy
364,REMAK,PRZEDSIĘBIORSTWO MODERNIZACJI URZĄDZEŃ ENERGETYCZNYCH REMAK SPÓŁKA AKCYJNA,RMK (REMAK),GPW: Przemysł elektromaszynowy
365,RNC,REINO CAPITAL SPÓŁKA AKCYJNA,RNC (REINO),GPW: Rynek kapitałowy
366,RANK-PROGRESS,RANK PROGRESS SPÓŁKA AKCYJNA,RNK (RANKPROGR),GPW: Deweloperzy
367,RONSON,RONSON EUROPE N.V.,RON (RONSON),GPW: Deweloperzy
368,ROPCZYCE,ZAKŁADY MAGNEZYTOWE ROPCZYCE SPÓŁKA AKCYJNA,RPC (ROPCZYCE),GPW: Przemysł materiałów budowlanych
369,REDWOOD-HOLDING,REDWOOD HOLDING SPÓŁKA AKCYJNA,RWD (REDWOOD),GPW: Przemysł metalowy
370,RAWLPLUG,RAWLPLUG SPÓŁKA AKCYJNA,RWL (RAWLPLUG),GPW: Przemysł metalowy
371,SANTANDER,BANCO SANTANDER S.A.,SAN (SANTANDER),GPW: Banki
372,SARE,SARE SPÓŁKA AKCYJNA,SAR (SARE),GPW: Informatyka
373,SCO-PAK,SCO-PAK SPÓŁKA AKCYJNA,SCO (SCOPAK),GPW: Usługi inne
374,SEKO,SEKO SPÓŁKA AKCYJNA,SEK (SEKO),GPW: Przemysł spożywczy
375,SELENA-FM,SELENA FM SPÓŁKA AKCYJNA,SEL (SELENAFM),GPW: Przemysł materiałów budowlanych
376,SEN,SERINUS ENERGY INC.,SEN (SERINUS),GPW: Przemysł paliwowy
377,SESCOM,SESCOM SPÓŁKA AKCYJNA,SES (SESCOM),GPW: Usługi inne
378,SETANTA-FINANCE,SETANTA SPÓŁKA AKCYJNA,SET (SETANTA),GPW: Finanse inne
379,AS-SILVANO-FASHION,AS SILVANO FASHION GROUP,SFG (SILVANO),GPW: Handel detaliczny
380,SFINKS,SFINKS POLSKA SPÓŁKA AKCYJNA,SFS (SFINKS),GPW: Hotele i restauracje
381,SYGNITY,SYGNITY SPÓŁKA AKCYJNA,SGN (SYGNITY),GPW: Informatyka
382,SADOVAYA,SADOVAYA GROUP S.A.,SGR (SADOVAYA),GPW: Przemysł surowcowy
383,SOHO-DEVELOPMENT,SOHO DEVELOPMENT SPÓŁKA AKCYJNA,SHD (SOHODEV),GPW: Deweloperzy
384,STARHEDGE,STARHEDGE SPÓŁKA AKCYJNA,SHG (STARHEDGE),GPW: Finanse inne
385,SNIEZKA,FABRYKA FARB I LAKIERÓW ŚNIEŻKA SPÓŁKA AKCYJNA,SKA (SNIEZKA),GPW: Przemysł materiałów budowlanych
386,SKARBIEC-HOLDING,SKARBIEC HOLDING SPÓLKA AKCYJNA,SKH (SKARBIEC),GPW: Rynek kapitałowy
387,SKYLINE-INVESTMENT,SKYLINE INVESTMENT SPÓŁKA AKCYJNA,SKL (SKYLINE),GPW: Finanse inne
388,SKOTAN,SKOTAN SPÓŁKA AKCYJNA,SKT (SKOTAN),GPW: Przemysł lekki
389,SELVITA,SELVITA SPÓŁKA AKCYJNA,SLV (SELVITA),GPW: Przemysł farmaceutyczny
390,SLZ,SLEEPZ AG,SLZ (SLEEPZAG),GPW: Handel detaliczny
391,SIMPLE,SIMPLE SPÓŁKA AKCYJNA,SME (SIMPLE),GPW: Informatyka
392,STOMIL-SANOK,SANOK RUBBER COMPANY SPÓŁKA AKCYJNA,SNK (SANOK),GPW: Przemysł motoryzacyjny
393,SYNEKTIK,SYNEKTIK SPÓŁKA AKCYJNA,SNT (SYNEKTIK),GPW: Przemysł farmaceutyczny
394,SANWIL-HOLDING,SANWIL HOLDING SPÓŁKA AKCYJNA,SNW (SANWIL),GPW: Przemysł lekki
395,SUNEX,SUNEX SPÓŁKA AKCYJNA,SNX (SUNEX),GPW: Przemysł elektromaszynowy
396,SOLAR-COMPANY,SOLAR COMPANY SPÓŁKA AKCYJNA,SOL (SOLAR),GPW: Handel detaliczny
397,SONEL,SONEL SPÓŁKA AKCYJNA,SON (SONEL),GPW: Przemysł elektromaszynowy
398,SOPHARMA,SOPHARMA AD,SPH (SOPHARMA),GPW: Przemysł farmaceutyczny
399,SPL,SANTANDER BANK POLSKA SPÓŁKA AKCYJNA,SPL (SANPL),GPW: Banki
400,STALPROFIL,STALPROFIL SPÓŁKA AKCYJNA,STF (STALPROFI),GPW: Handel hurtowy
401,STELMET,STELMET SPÓŁKA AKCYJNA,STL (STELMET),GPW: Przemysł drzewny
402,STALPRODUKT,STALPRODUKT SPÓŁKA AKCYJNA,STP (STALPROD),GPW: Przemysł metalowy
403,STALEXPORT-AUTOSTRADY,STALEXPORT AUTOSTRADY SPÓŁKA AKCYJNA,STX (STALEXP),GPW: Usługi inne
404,SUWARY,SUWARY SPÓŁKA AKCYJNA,SUW (SUWARY),GPW: Przemysł tworzyw sztucznych
405,SVRS,"SILVAIR, INC.",SVRS (SILVAIR-REGS),GPW: Informatyka
406,SWISSMED-CENTRUM-ZDROWIA,SWISSMED CENTRUM ZDROWIA SPÓŁKA AKCYJNA,SWD (SWISSMED),GPW: Usługi inne
407,SECO-WARWICK,SECO/WARWICK SPÓŁKA AKCYJNA,SWG (SECOGROUP),GPW: Przemysł elektromaszynowy
408,TARCZYNSKI,TARCZYŃSKI SPÓŁKA AKCYJNA,TAR (TARCZYNSKI),GPW: Przemysł spożywczy
409,TBL,T-BULL SPÓŁKA AKCYJNA,TBL (TBULL),GPW: Informatyka
410,TEN,TEN SQUARE GAMES SPÓŁKA AKCYJNA,TEN (TSGAMES),GPW: Informatyka
411,TIM,TIM SPÓŁKA AKCYJNA,TIM,GPW: Handel hurtowy
412,TALEX,TALEX SPÓŁKA AKCYJNA,TLX (TALEX),GPW: Informatyka
413,TATRY-MOUNTAIN-RESORTS,TATRY MOUNTAIN RESORTS. A.S.,TMR (TATRY),GPW: Hotele i restauracje
414,TNX,TALANX AKTIENGESELLSCHAFT,TNX (TALANX),GPW: Ubezpieczenia
415,TOYA,TOYA SPÓŁKA AKCYJNA,TOA (TOYA),GPW: Handel hurtowy
416,TORPOL,TORPOL SPÓŁKA AKCYJNA,TOR (TORPOL),GPW: Budownictwo
417,TOWERINV,TOWER INVESTMENTS SPÓŁKA AKCYJNA,TOW (TOWERINVT),GPW: Deweloperzy
418,TAURON,TAURON POLSKA ENERGIA SPÓŁKA AKCYJNA,TPE (TAURONPE),GPW: Energetyka
419,TRITON-DEVELOPMENT,TRITON DEVELOPMENT SPÓŁKA AKCYJNA,TRI (TRITON),GPW: Deweloperzy
420,TRAKCJA,TRAKCJA PRKII SPÓŁKA AKCYJNA,TRK (TRAKCJA),GPW: Budownictwo
421,TRANS-POLONIA,TRANS POLONIA SPÓŁKA AKCYJNA,TRN (TRANSPOL),GPW: Usługi inne
422,TERMO-REX,TERMO-REX SPÓŁKA AKCYJNA,TRR (TERMOREX),GPW: Przemysł metalowy
423,TESGAS,TESGAS SPÓŁKA AKCYJNA,TSG (TESGAS),GPW: Budownictwo
424,TXM,TXM SPÓŁKA AKCYJNA,TXM,GPW: Handel detaliczny
425,UNIMA-2000,UNIMA 2000 SYSTEMY TELEINFORMATYCZNE SPÓŁKA AKCYJNA,U2K (UNIMA),GPW: Informatyka
426,UNICREDIT,UNICREDIT S.P.A.,UCG (UNICREDIT),GPW: Banki
427,ULMA-CONSTRUCCION,ULMA CONSTRUCCION POLSKA SPÓŁKA AKCYJNA,ULM (ULMA),GPW: Przemysł materiałów budowlanych
428,UNIBEP,UNIBEP SPÓŁKA AKCYJNA,UNI (UNIBEP),GPW: Budownictwo
429,UNIMOT-GAZ,UNIMOT SPÓŁKA AKCYJNA,UNT (UNIMOT),GPW: Handel hurtowy
430,URSUS,URSUS SPÓŁKA AKCYJNA,URS (URSUS),GPW: Przemysł elektromaszynowy
431,VIGO-SYSTEM,VIGO SYSTEM SPÓŁKA AKCYJNA,VGO (VIGOSYS),GPW: Przemysł elektromaszynowy
432,VINDEXUS,GIEŁDA PRAW MAJĄTKOWYCH VINDEXUS SPÓŁKA AKCYJNA,VIN (VINDEXUS),GPW: Finanse inne
433,VOTUM,VOTUM SPÓŁKA AKCYJNA,VOT (VOTUM),GPW: Finanse inne
434,VOXEL,VOXEL SPÓŁKA AKCYJNA,VOX (VOXEL),GPW: Usługi inne
435,VISTULA,VISTULA RETAIL GROUP SPÓŁKA AKCYJNA,VST (VISTULA),GPW: Handel detaliczny
436,VANTAGE-DEVELOPMENT,VANTAGE DEVELOPMENT SPÓŁKA AKCYJNA,VTG (VANTAGE),GPW: Deweloperzy
437,VENTURE-INCUBATOR,VENTURE INCUBATOR SPÓŁKA AKCYJNA,VTI (VENTUREIN),GPW: Finanse inne
438,VISTAL,VISTAL GDYNIA SPÓŁKA AKCYJNA,VTL (VISTAL),GPW: Budownictwo
439,VIVID-GAMES,VIVID GAMES SPÓŁKA AKCYJNA,VVD (VIVID),GPW: Informatyka
440,WASKO,WASKO SPÓŁKA AKCYJNA,WAS (WASKO),GPW: Informatyka
441,WADEX,PRZEDSIĘBIORSTWO PRODUKCYJNO HANDLOWE WADEX SPÓŁKA AKCYJNA,WAX (WADEX),GPW: Przemysł metalowy
442,WIKANA,WIKANA SPÓŁKA AKCYJNA,WIK (WIKANA),GPW: Deweloperzy
443,WIS,BALTIC BRIDGE SPÓŁKA AKCYJNA,WIS (WINVEST),GPW: Finanse inne
444,WILBO,WILBO SPÓŁKA AKCYJNA,WLB (WILBO),GPW: Przemysł spożywczy
445,WIELTON,WIELTON SPÓŁKA AKCYJNA,WLT (WIELTON),GPW: Przemysł motoryzacyjny
446,WOJAS,WOJAS SPÓŁKA AKCYJNA,WOJ (WOJAS),GPW: Handel detaliczny
447,WIRTUALNA-POLSKA,WIRTUALNA POLSKA HOLDING SPÓŁKA AKCYJNA,WPL (WIRTUALNA),GPW: Media
448,WORK-SERVICE,WORK SERVICE SPÓŁKA AKCYJNA,WSE (WORKSERV),GPW: Usługi inne
449,WTN,WITTCHEN SPÓŁKA AKCYJNA,WTN (WITTCHEN),GPW: Handel detaliczny
450,WAWEL,WAWEL SPÓŁKA AKCYJNA,WWL (WAWEL),GPW: Przemysł spożywczy
451,WARIMPEX,WARIMPEX FINANZ- UND BETEILIGUNGS AG,WXF (WARIMPEX),GPW: Deweloperzy
452,XTB,X-TRADE BROKERS DOM MAKLERSKI SPÓŁKA AKCYJNA,XTB,GPW: Rynek kapitałowy
453,XTP,XTPL SPÓŁKA AKCYJNA,XTP (XTPL),GPW: Informatyka
454,YOLO,YOLO SPÓŁKA AKCYJNA,YOL (YOLO),GPW: Finanse inne
455,ZAKLADY-AZOTOWE-PULAWY,GRUPA AZOTY ZAKŁADY AZOTOWE PUŁAWY SPÓŁKA AKCYJNA,ZAP (PULAWY),GPW: Przemysł chemiczny
456,ZEPAK,ZESPÓŁ ELEKTROWNI PĄTNÓW-ADAMÓW-KONIN SPÓŁKA AKCYJNA,ZEP (ZEPAK),GPW: Energetyka
457,ZAMET-INDUSTRY,ZAMET INDUSTRY SPÓŁKA AKCYJNA,ZMT (ZAMET),GPW: Przemysł elektromaszynowy
458,ZREMB-CHOJNICE,ZAKŁAD BUDOWY MASZYN ZREMB-CHOJNICE SPÓŁKA AKCYJNA,ZRE (ZREMB),GPW: Przemysł elektromaszynowy
459,ZASTAL,ZASTAL SPÓŁKA AKCYJNA,ZST (ZASTAL),GPW: Usługi inne
460,ZUE,ZUE SPÓŁKA AKCYJNA,ZUE,GPW: Budownictwo
461,STAPORKOW,ZAKŁADY URZĄDZEŃ KOTŁOWYCH STĄPORKÓW SPÓŁKA AKCYJNA,ZUK (STAPORKOW),GPW: Przemysł metalowy
462,ZYWIEC,GRUPA ŻYWIEC SPÓŁKA AKCYJNA,ZWC (ZYWIEC),GPW: Przemysł spożywczy
463,01CYBERATON,01CYBERATON SPÓŁKA AKCYJNA,01C (01CYBATON),NewConnect: Handel
464,2C-PARTNERS,2C PARTNERS SPÓŁKA AKCYJNA,2CP (2CPARTNER),NewConnect: Nieruchomości
465,2INTELLECT-COM,2INTELLECT.COM SPÓŁKA AKCYJNA,2IT (2INTELLECT),NewConnect: Informatyka
466,4MOBILITY,4MOBILITY SPÓŁKA AKCYJNA,4MB (4MOBILITY),NewConnect: Usługi inne
467,4MS,4MASS SPÓŁKA AKCYJNA,4MS (4MASS),NewConnect: Handel
468,5TH-AVENUE-HOLDING,5TH AVENUE HOLDING SPÓŁKA AKCYJNA,5AH (5THAVENUE),NewConnect: Nieruchomości
469,7FT,7FIT SPÓŁKA AKCYJNA,7FT (7FIT),NewConnect: Handel
470,7LV,7LEVELS SPÓŁKA AKCYJNA,7LV (7LEVELS),NewConnect: Informatyka
471,ABAK,ABAK SPÓŁKA AKCYJNA,ABK (ABAK),NewConnect: Usługi finansowe
472,ACARTUS,ACARTUS SPÓŁKA AKCYJNA,ACA (ACARTUS),NewConnect: Usługi finansowe
473,ACK,ACKERMAN SPÓŁKA AKCYJNA,ACK (ACKERMAN),NewConnect: Budownictwo
474,ACR,ACREBIT SPÓŁKA AKCYJNA,ACR (ACREBIT),NewConnect: Informatyka
475,AERFINANCE-PLC,AERFINANCE SE,AER (AERFINANC),NewConnect: Inwestycje
476,AKCEPT-FINANCE,AKCEPT FINANCE SPÓŁKA AKCYJNA,AFC (AKCEPTFIN),NewConnect: Usługi finansowe
477,AFORTI-HOLDING,AFORTI HOLDING SPÓŁKA AKCYJNA,AFH (AFHOL),NewConnect: Usługi finansowe
478,AGROLIGA-GROUP,AGROLIGA GROUP PLC,AGL (AGROLIGA),NewConnect: Usługi inne
479,AGROMEP,AGROMEP SPÓŁKA AKCYJNA,AGP (AGROMEP),NewConnect: Handel
480,ABS-INVESTMENT,ABS INVESTMENT SPÓŁKA AKCYJNA,AIN (ABSINVEST),NewConnect: Usługi finansowe
481,AITON-CALDWELL,AITON CALDWELL SPÓŁKA AKCYJNA,AIT (AITON),NewConnect: Telekomunikacja
482,ALDA,ALDA SPÓŁKA AKCYJNA,ALD (ALDA),NewConnect: Technologie
483,ALEJASAMOCHODOWA-PL,ALEJASAMOCHODOWA.PL SPÓŁKA AKCYJNA,ALS (ALEJA),NewConnect: e-handel
484,ALUMAST,ALUMAST SPÓŁKA AKCYJNA,ALU (ALUMAST),NewConnect: Budownictwo
485,ANALIZY-ONLINE,ANALIZY ONLINE SPÓŁKA AKCYJNA,AOL (ANALIZY),NewConnect: Usługi inne
486,APANET,APANET SPÓŁKA AKCYJNA,APA (APANET),NewConnect: Technologie
487,APC,APOLLO CAPITAL SPÓŁKA AKCYJNA,APC (APOLLO),NewConnect: Inwestycje
488,APS,AUTOMATYKA-POMIARY-STEROWANIE SPÓŁKA AKCYJNA,APS,NewConnect: Technologie
489,AQUA,AQUA SPÓŁKA AKCYJNA W POZNANIU,AQA (AQUAPOZ),NewConnect: Budownictwo
490,AQT,AQUATECH SPÓŁKA AKCYJNA,AQT (AQUATECH),NewConnect: Recykling
491,AQUA-BIELSKO-BIALA,AQUA SPÓŁKA AKCYJNA W BIELSKU-BIAŁEJ,AQU (AQUABB),NewConnect: Usługi inne
492,ARAMUS,ARAMUS SPÓŁKA AKCYJNA,ARA (ARAMUS),NewConnect: Nieruchomości
493,ARE,ARENA.PL SPÓŁKA AKCYJNA,ARE (ARENAPL),NewConnect: Technologie
494,AGENCJA-ROZWOJU-INNOWACJI,AGENCJA ROZWOJU INNOWACJI SPÓLKA AKCYJNA,ARI,NewConnect: Usługi inne
495,ARK,ARK ROYAL SPÓŁKA AKCYJNA,ARK (ARKROYAL),NewConnect: Usługi inne
496,ARRINERA,ARRINERA SPÓŁKA AKCYJNA,ARX (ARRINERA),NewConnect: Usługi inne
497,APIS,APIS SPÓŁKA AKCYJNA,ASA (APIS),NewConnect: Budownictwo
498,AUTO-SPA,AUTO - SPA SPÓŁKA AKCYJNA,ASP (AUTOSPA),NewConnect: Usługi inne
499,ASTRO,ASTRO SPÓŁKA AKCYJNA,ASR (ASTRO),NewConnect: Media
500,ASSETUS,ASSETUS SPÓŁKA AKCYJNA,ASS (ASSETUS),NewConnect: Usługi inne
501,ATC-CARGO,ATC CARGO SPÓŁKA AKCYJNA,ATA (ATCCARGO),NewConnect: Usługi inne
502,ATON-HT,ATON-HT SPÓŁKA AKCYJNA,ATO (ATONHT),NewConnect: Recykling
503,AUX,AUXILIA SPÓŁKA AKCYJNA,AUX (AUXILIA),NewConnect: Usługi finansowe
504,ADVERTIGO,ADVERTIGO SPÓŁKA AKCYJNA,AVE (ADVERTIGO),NewConnect: Media
505,AZTEC-INTERNATIONAL,AZTEC INTERNATIONAL SPÓŁKA AKCYJNA,AZC (AZTEC),NewConnect: Budownictwo
506,B24,BRAND 24 SPÓŁKA AKCYJNA,B24 (BRAND24),NewConnect: Informatyka
507,BBA,BESKIDZKIE BIURO INWESTYCYJNE SPÓŁKA AKCYJNA,BBA (BBINWEST),NewConnect: Usługi inne
508,BROAD-GATE,BROAD GATE SPÓŁKA AKCYJNA,BDG (BROADGATE),NewConnect: Handel
509,BIOMASS-ENERGY-PROJECT,BIOMASS ENERGY PROJECT SPÓŁKA AKCYJNA,BEP (BIOMASS),NewConnect: Eco-energia
510,BIOERG,BIOERG SPÓŁKA AKCYJNA,BER (BIOERG),NewConnect: Recykling
511,BIOFACTORY,BIOFACTORY SPÓŁKA AKCYJNA,BFC (BIOFACTOR),NewConnect: Technologie
512,BIOGENED,BIOGENED SPÓŁKA AKCYJNA,BGD (BIOGENED),NewConnect: Ochrona zdrowia
513,BINARY-HELIX,BINARY HELIX SPÓŁKA AKCYJNA,BHX (BINARY),NewConnect: Technologie
514,BIO-PLANET,BIO PLANET SPÓŁKĄ AKCYJNA,BIP (BIOPLANET),NewConnect: Handel
515,BIT,BIT EVIL SPÓŁKA AKCYJNA,BIT (BITEVIL),NewConnect: e-handel
516,BLOOBER-TEAM,BLOOBER TEAM SPÓŁKA AKCYJNA,BLO (BLOOBER),NewConnect: Informatyka
517,BLIRT,BLIRT SPÓŁKA AKCYJNA,BLR (BLIRT),NewConnect: Ochrona zdrowia
518,BALTICON,BALTICON SPÓŁKA AKCYJNA,BLT (BALTICON),NewConnect: Usługi inne
519,BLUMERANG-INVESTORS,BLUMERANG INVESTORS SPÓŁKA AKCYJNA,BLU (BLUMERANG),NewConnect: Inwestycje
520,BIOMAXIMA,BIOMAXIMA SPÓŁKA AKCYJNA,BMX (BIOMAXIMA),NewConnect: Ochrona zdrowia
521,BOA,BOA SPÓŁKA AKCYJNA,BOA,NewConnect: Usługi finansowe
522,BLACK-PEARL-CAPITAL,BLACK PEARL SPÓŁKA AKCYJNA,BPC,NewConnect: Inwestycje
523,BLACK-POINT,BLACK POINT SPÓŁKA AKCYJNA,BPN (BLACKPOIN),NewConnect: Recykling
524,BPX,BPX SPÓŁKA AKCYJNA,BPX,NewConnect: Nieruchomości
525,BROWAR-GONTYNIEC,BROWAR GONTYNIEC SPÓŁKA AKCYJNA,BRO (CZARNKOW),NewConnect: Handel
526,BORUTA,BORUTA-ZACHEM SPÓŁKA AKCYJNA,BRU (BORUTA),NewConnect: Technologie
527,BRAS,BRAS SPÓŁKA AKCYJNA,BSA (BRAS),NewConnect: Nieruchomości
528,BLUE-TAX-GROUP,BLUE TAX GROUP SPÓŁKA AKCYJNA,BTG (BLUETAX),NewConnect: Usługi finansowe
529,BTK,BIZTECH KONSULTING SPÓŁKA AKCYJNA,BTK (BIZTECH),NewConnect: Informatyka
530,BTX,FORBUILD SPÓŁKA AKCYJNA,BTX (BETOMAX),NewConnect: Budownictwo
531,BVT,BVT SPÓŁKA AKCYJNA,BVT,NewConnect: Usługi finansowe
532,CAM,CAMBRIDGE CHOCOLATE SPÓŁKA AKCYJNA,CAM (CAMBRIDGE),NewConnect: Usługi inne
533,CYFROWE-CENTRUM-SERWISOWE,CYFROWE CENTRUM SERWISOWE SPÓŁKA AKCYJNA,CCS,NewConnect: Handel
534,CALL-CENTER-TOOLS,CALL CENTER TOOLS SPÓŁKA AKCYJNA,CCT (CCTOOLS),NewConnect: Usługi inne
535,CFG,CREATIVEFORGE GAMES SPÓŁKA AKCYJNA,CFG,NewConnect: Informatyka
536,CFS,CENTRUM FINANSOWE SPÓŁKA AKCYJNA,CFS (CFSA),NewConnect: Usługi finansowe
537,CHP,CHERRYPICK GAMES SPÓŁKA AKCYJNA,CHP (CHERRY),NewConnect: Informatyka
538,COLUMBUS-CAPITAL,COLUMBUS ENERGY SPÓŁKA AKCYJNA,CLC (COLUMBUS),NewConnect: Inwestycje
539,CLOUD-TECHNOLOGIES,CLOUD TECHNOLOGIES SPÓŁKA AKCYJNA,CLD (CLOUD),NewConnect: Informatyka
540,CALESCO,CALESCO SPÓŁKA AKCYJNA,CLS (CALESCO),NewConnect: Usługi inne
541,COMECO,COMECO SPÓŁKA AKCYJNA,CMC (COMECO),NewConnect: Handel
542,COMPRESS,COMPRESS SPÓŁKA AKCYJNA,COM (COMPRESS),NewConnect: Media
543,CORELENS,CORELENS SPÓŁKA AKCYJNA,COR (CORELENS),NewConnect: Ochrona zdrowia
544,CRJ,CREEPY JAR SPÓŁKA AKCYJNA,CRJ (CREEPYJAR),NewConnect: Informatyka
545,CEREAL-PLANET,CEREAL PLANET PLC,CRP (CEREALPLT),NewConnect: Usługi inne
546,COPERNICUS-SECURITIES,COPERNICUS SECURITIES SPÓŁKA AKCYJNA,CRS (COPERNIC),NewConnect: Inwestycje
547,CASPAR-ASSET-MANAGEMENT,CASPAR ASSET MANAGEMENT SPÓŁKA AKCYJNA,CSR (CASPAR),NewConnect: Inwestycje
548,CSY,CSY SPÓŁKA AKCYJNA,CSY,NewConnect: Technologie
549,CTE,CENOSPHERES TRADE &amp;amp; ENGINEERING SPÓŁKA AKCYJNA,CTE,NewConnect: Recykling
550,CENTURION-FINANCE,CENTURION FINANCE SPÓŁKA AKCYJNA,CTF (CENTURION),NewConnect: Usługi finansowe
551,CWA,CWA SPÓŁKA AKCYJNA,CWA,NewConnect: Usługi inne
552,CWP,CENTRUM WSPIERANIA PROJEKTÓW EUROPEJSKICH SPÓŁKA AKCYJNA,CWP (CWPE),NewConnect: Usługi inne
553,CZK,CIASTECZKA Z KRAKOWA SPÓŁKA AKCYJNA,CZK (CIASTZKRA),NewConnect: Handel
554,DENT-A-MEDICAL,DENT-A-MEDICAL SPÓŁKA AKCYJNA,DAM (DENTAMDC),NewConnect: Ochrona zdrowia
555,DCD,DOLNOŚLĄSKIE CENTRUM DEVELOPERSKIE SPÓŁKA AKCYJNA,DCD,NewConnect: Usługi inne
556,DEVORAN,DEVORAN SPÓŁKA AKCYJNA,DEV (DEVORAN),NewConnect: Handel
557,DIGITAL-AVENUE,DIGITAL AVENUE SPÓŁKA AKCYJNA,DGL (DIGITAL),NewConnect: Media
558,DIN,DAMF INWESTYCJE SPÓŁKA AKCYJNA,DIN (DAMFINW),NewConnect: Wypoczynek
559,DEKTRA,DEKTRA SPÓŁKA AKCYJNA,DKR (DEKTRA),NewConnect: Handel
560,DOM-LEKARSKI,DOM LEKARSKI SPÓŁKA AKCYJNA,DLK (DOMLEK),NewConnect: Ochrona zdrowia
561,DANKS,DANKS EUROPEJSKIE CENTRUM DORADZTWA PODATKOWEGO SPÓŁKA AKCYJNA,DNS (DANKS),NewConnect: Usługi finansowe
562,DOK,DOOK SPÓŁKA AKCYJNA,DOK (DOOK),NewConnect: Informatyka
563,DRF,DR.FINANCE SPÓŁKA AKCYJNA,DRF (DRFINANCE),NewConnect: Usługi finansowe
564,EBC-SOLICITORS,EBC SOLICITORS SPÓŁKA AKCYJNA,EBC,NewConnect: Usługi finansowe
565,EKOBOX,EKOBOX SPÓŁKA AKCYJNA,EBX (EKOBOX),NewConnect: Budownictwo
566,EC2,EC2 SPÓŁKA AKCYJNA,EC2,NewConnect: Informatyka
567,ECA,UHY ECA SPÓŁKA AKCYJNA,ECA (UHYECA),NewConnect: Usługi finansowe
568,ECC,ECC GAMES SPÓŁKA AKCYJNA,ECC (ECCGAMES),NewConnect: Informatyka
569,EUROSNACK,EUROSNACK SPÓŁKA AKCYJNA,ECK (EUROSNACK),NewConnect: Handel
570,EASYCALL-PL,EASYCALL.PL SPÓŁKA AKCYJNA,ECL (EASYCALL),NewConnect: Telekomunikacja
571,ELECTROCERAMICS,ELECTROCERAMICS SPÓŁKA AKCYJNA,ECR (ECERAMICS),NewConnect: Technologie
572,EDISON-SPOLKA,EDISON SPÓŁKA AKCYJNA,EDN (EDISON),NewConnect: Informatyka
573,EUROPEJSKI-FUNDUSZ-ENERGII,EUROPEJSKI FUNDUSZ ENERGII SPÓŁKA AKCYJNA,EFE (EFENERGII),NewConnect: Informatyka
574,EFIX,EFIX DOM MAKLERSKI SPÓŁKA AKCYJNA,EFX (EFIXDM),NewConnect: Inwestycje
575,EKOPOL,EKOPOL GÓRNOŚLĄSKI HOLDING SPÓŁKA AKCYJNA,EGH (EKOPOL),NewConnect: Technologie
576,E-KIOSK,E-KIOSK SPÓŁKA AKCYJNA,EKS (EKIOSK),NewConnect: e-handel
577,ELEKTROMONT,ELEKTROMONT SPÓŁKA AKCYJNA,ELM (EMONT),NewConnect: Usługi inne
578,ELQ,ELQ SPÓŁKA AKCYJNA,ELQ,NewConnect: Usługi inne
579,EMMERSON,EMMERSON REALTY SPÓŁKA AKCYJNA,EMM (EMMERSON),NewConnect: Nieruchomości
580,E-MUZYKA,E-MUZYKA SPÓŁKA AKCYJNA,EMU (EMUZYKA),NewConnect: Media
581,EO-NETWORKS,EO NETWORKS SPÓŁKA AKCYJNA,EON (EONET),NewConnect: Informatyka
582,EPR,PRZEDSIĘBIORSTWO ROBÓT INSTALACYJNYCH EKOPARK SPÓŁKA AKCYJNA,EPR (EKOPARK),NewConnect: Budownictwo
583,ERNE,ERNE VENTURES SPÓŁKA AKCYJNA,ERN (ERNE),NewConnect: Inwestycje
584,EUROSYSTEM,EUROSYSTEM SPÓŁKA AKCYJNA,ERS,NewConnect: Telekomunikacja
585,EASTSIDECAPITAL,EASTSIDECAPITAL SPÓŁKA AKCYJNA,ESC (EASTSIDE),NewConnect: Inwestycje
586,ESKIMOS,ESKIMOS SPÓŁKA AKCYJNA,ESK (ESKIMOS),NewConnect: Handel
587,EURO-TAX-PL,EURO-TAX.PL SPÓŁKA AKCYJNA,ETX (EUROTAX),NewConnect: Usługi finansowe
588,EXAMOBILE,EXAMOBILE SPÓŁKA AKCYJNA,EXA (EXAMOBILE),NewConnect: Informatyka
589,EXCELLENCE,EXCELLENCE SPÓŁKA AKCYJNA,EXC (EXCELLENC),NewConnect: Handel
590,THE-FARM-51-GROUP,THE FARM 51 GROUP SPÓŁKA AKCYJNA,F51 (FARM51),NewConnect: Informatyka
591,FACHOWCY-PL-VENTURES,FACHOWCY.PL VENTURES SPÓŁKA AKCYJNA,FAV (FACHOWCY),NewConnect: Media
592,FDG,FAT DOG GAMES SPÓŁKA AKCYJNA,FDG (FDGAMES),NewConnect: Informatyka
593,FUNDUSZ-HIPOTECZNY-DOM,FUNDUSZ HIPOTECZNY DOM SPÓŁKA AKCYJNA,FHD (FHDOM),NewConnect: Usługi finansowe
594,FABRYKA-KONSTRUKCJI-DREWNIANYCH,FABRYKA KONSTRUKCJI DREWNIANYCH SPÓŁKA AKCYJNA,FKD (FABRYKAKD),NewConnect: Budownictwo
595,FLUID,FLUID SPÓŁKA AKCYJNA,FLD (FLUID),NewConnect: Eco-energia
596,FOREVER-ENTERTAINMENT,FOREVER ENTERTAINMENT SPÓŁKA AKCYJNA,FOR (FOREVEREN),NewConnect: Informatyka
597,FORPOSTA,FORPOSTA SPÓŁKA AKCYJNA,FPO (FORPOSTA),NewConnect: Usługi inne
598,FTH,FINTECH SPÓŁKA AKCYJNA,FTH (FINTECH),NewConnect: Usługi finansowe
599,FTI,FTI PROFIT SPÓŁKA AKCYJNA,FTI (FTIPROFIT),NewConnect: Usługi finansowe
600,FITEN,FITEN SPÓŁKA AKCYJNA,FTN (FITEN),NewConnect: Handel
601,GALVO,GALVO SPÓŁKA AKCYJNA,GAL (GALVO),NewConnect: Technologie
602,GRUPAEMM,GRUPA EMMERSON SPÓŁKA AKCYJNA,GEM (GRUPAEMM),NewConnect: Nieruchomości
603,GENOMED,GENOMED SPÓŁKA AKCYJNA,GEN (GENOMED),NewConnect: Ochrona zdrowia
604,GKS-GIEKSA-KATOWICE,GKS GIEKSA KATOWICE SPÓŁKA AKCYJNA,GKS (GKSKAT),NewConnect: Wypoczynek
605,GLG-PHARMA,GLG PHARMA SPÓŁKA AKCYJNA,GLG (GLGPHARMA),NewConnect: Ochrona zdrowia
606,GME,GREMI MEDIA SPÓŁKA AKCYJNA,GME (GRMEDIA),NewConnect: Media
607,G-ENERGY,G-ENERGY SPÓŁKA AKCYJNA,GNG (GENRG),NewConnect: Eco-energia
608,GOLAB,GOLAB SPÓŁKA AKCYJNA,GOL (GOLAB),NewConnect: Handel
609,GOV,GOVENA LIGHTING SPÓŁKA AKCYJNA,GOV (GOVENA),NewConnect: Technologie
610,GPPI,GPPI SPÓŁKA AKCYJNA,GPP (GPPI),NewConnect: Usługi finansowe
611,GRUPA-RECYKL,GRUPA RECYKL SPÓŁKA AKCYJNA,GRC (GRUPAREC),NewConnect: Recykling
612,GRE,MVA GREEN ENERGY SPÓŁKA AKCYJNA,GRE (GREENENER),NewConnect: Eco-energia
613,GREMPCO,GREMPCO SPÓŁKA AKCYJNA,GRM (GREMPCO),NewConnect: Inwestycje
614,GO-TFI,GO TOWARZYSTWO FUNDUSZY INWESTYCYJNYCH SPÓŁKA AKCYJNA,GTF (GOTFI),NewConnect: Inwestycje
615,GEOTREKK,GEOTREKK SPÓŁKA AKCYJNA,GTK (GEOTREKK),NewConnect: Media
616,GEO-TERM,GEO-TERM POLSKA SPÓŁKA AKCYJNA,GTP (GEOTERM),NewConnect: Eco-energia
617,GTS,GEOTRANS SPÓŁKA AKCYJNA,GTS (GEOTRANS),NewConnect: Recykling
618,GRUPA-TRINITY,GRUPA TRINITY SPÓŁKA AKCYJNA,GTY (GTRINITY),NewConnect: Usługi finansowe
619,GWARANT,GWARANT AGENCJA OCHRONY SPÓŁKA AKCYJNA,GWR (GWARANT),NewConnect: Usługi inne
620,HBG,HUCKLEBERRY GAMES SPÓŁKA AKCYJNA,HBG (HGAMES),NewConnect: Informatyka
621,HEFAL-SERWIS,HEFAL SERWIS SPÓŁKA AKCYJNA,HEF (HEFAL),NewConnect: Budownictwo
622,HM-INWEST,HM INWEST SPÓŁKA AKCYJNA,HMI (HMINWEST),NewConnect: Nieruchomości
623,HORTICO,HORTICO SPÓŁKA AKCYJNA,HOR (HORTICO),NewConnect: Handel
624,HOTBLOK,HOTBLOK SPÓŁKA AKCYJNA,HOT (HOTBLOK),NewConnect: Budownictwo
625,HYDRAPRES,HYDRAPRES SPÓŁKA AKCYJNA,HPS (HYDRAPRES),NewConnect: Technologie
626,GRUPA-HRC,GRUPA HRC SPÓŁKA AKCYJNA,HRC (GRUPAHRC),NewConnect: Usługi inne
627,HRL,HORNIGOLD REIT SPÓŁKA AKCYJNA,HRL (HORNIGOLD),NewConnect: Usługi inne
628,HURTIMEX,HURTIMEX SPÓŁKA AKCYJNA,HRT (HURTIMEX),NewConnect: Handel
629,IBC-POLSKA,IBC POLSKA F&amp;P SPÓŁKA AKCYJNA,IBC (IBCPOLSKA),NewConnect: Usługi inne
630,INCANA,INCANA SPÓŁKA AKCYJNA,ICA (INCANA),NewConnect: Budownictwo
631,INTERCAPITAL-PROPERTY-DEVELOPMENT,INTERCAPITAL PROPERTY DEVELOPMENT ADSIC,ICD (ICPD),NewConnect: Nieruchomości
632,ICE,MEDINICE SPÓŁKA AKCYJNA,ICE (MEDINICE),NewConnect: Ochrona zdrowia
633,ICP-GROUP,ICP GROUP SPÓŁKA AKCYJNA,ICP (ICPGROUP),NewConnect: Usługi inne
634,IDH,IDH SPÓŁKA AKCYJNA,IDH,NewConnect: Technologie
635,IFUN4ALL,IFUN4ALL SPÓŁKA AKCYJNA,IF4 (IFUN4ALL),NewConnect: Informatyka
636,INFRA,INFRA SPÓŁKA AKCYJNA,IFA (INFRA),NewConnect: Informatyka
637,INVESTMENT-FUND-MANAGERS,INVESTMENT FUND MANAGERS SPÓŁKA AKCYJNA,IFM,NewConnect: Usługi finansowe
638,INNO-GENE,INNO-GENE SPÓŁKA AKCYJNA,IGN (INNOGENE),NewConnect: Inwestycje
639,IGORIA-TRADE,IGORIA TRADE SPÓŁKA AKCYJNA,IGT (IGORIA),NewConnect: Usługi finansowe
640,IMAGIS,IMAGIS SPÓŁKA AKCYJNA,IMG (IMAGIS),NewConnect: Handel
641,INBOOK,INBOOK SPÓŁKA AKCYJNA,INB (INBOOK),NewConnect: e-handel
642,INVENTIONMED,INVENTIONMED SPÓŁKA AKCYJNA,INM (INVENTION),NewConnect: Technologie
643,INS,INDOS SPÓŁKA AKCYJNA,INS (INDOS),NewConnect: Usługi finansowe
644,NTERNITY-SPOLKA,INTERNITY SPÓŁKA AKCYJNA,INT (INTERNITY),NewConnect: Budownictwo
645,INWESTYCJE-PL,INWESTYCJE.PL SPÓŁKA AKCYJNA,INW (INWESTPL),NewConnect: Media
646,IPO-DORADZTWO-STRATEGICZNE,IPO DORADZTWO KAPITAŁOWE SPÓŁKA AKCYJNA,IOD (IPODS),NewConnect: Usługi finansowe
647,ISG,INSTYTUT SZKOLEŃ I ANALIZ GOSPODARCZYCH SPÓŁKA AKCYJNA,ISG (ISIAG),NewConnect: Usługi inne
648,INFOSCAN,INFOSCAN SPÓŁKA AKCYJNA,IST (INFOSCAN),NewConnect: Ochrona zdrowia
649,INTELIWISE,INTELIWISE SPÓŁKA AKCYJNA,ITL (INTELIWIS),NewConnect: Informatyka
650,INTERNET-UNION,INTERNET UNION SPÓŁKA AKCYJNA,IUS (IU),NewConnect: Telekomunikacja
651,INVESTEKO,INVESTEKO SPÓŁKA AKCYJNA,IVE (INVESTEKO),NewConnect: Eco-energia
652,JJB,JUJUBEE SPÓŁKA AKCYJNA,JJB (JUJUBEE),NewConnect: Informatyka
653,JR-INVEST,JR HOLDING SPÓŁKA AKCYJNA,JRH (JRHOLDING),NewConnect: Nieruchomości
654,JWA,JWA SPÓŁKA AKCYJNA,JWA,NewConnect: Informatyka
655,KBJ,KBJ SPÓŁKA AKCYJNA,KBJ,NewConnect: Informatyka
656,KOFAMA,KOFAMA KOZLE SPÓŁKA AKCYJNA,KFM (KOFAMA),NewConnect: Technologie
657,KLEBA-INVEST,KLEBA INVEST SPÓŁKA AKCYJNA,KIN (KLEBAINV),NewConnect: Nieruchomości
658,KK-HERBAL-POLAND,K&amp;K HERBAL POLAND SPÓŁKA AKCYJNA,KKH (KKHERBAL),NewConnect: Handel
659,KLON,KLON SPÓŁKA AKCYJNA,KLN (KLON),NewConnect: Budownictwo
660,KANCELARIA-MEDIUS,KANCELARIA MEDIUS SPÓŁKA AKCYJNA,KME,NewConnect: Usługi finansowe
661,KORBANK,KORBANK SPÓŁKA AKCYJNA,KOR (KORBANK),NewConnect: Telekomunikacja
662,KUPIEC,KUPIEC SPÓŁKA AKCYJNA,KPC (KUPIEC),NewConnect: Usługi inne
663,KPI,KANCELARIA PRAWNA - INKASO WEC SPÓŁKA AKCYJNA,KPI (KANCELWEC),NewConnect: Usługi finansowe
664,LANGLOO-COM-SPOLKA,LANGLOO.COM SPÓŁKA AKCYJNA,LAN (LANGLOO),NewConnect: Usługi inne
665,LOKATY-BUDOWLANE,LOKATY BUDOWLANE SPÓŁKA AKCYJNA,LBD (LOKATYBUD),NewConnect: Nieruchomości
666,LETUS-CAPITAL,LETUS CAPITAL SPÓŁKA AKCYJNA,LET (LETUS),NewConnect: Usługi finansowe
667,LOGINTRAD,LOGINTRADE SPÓŁKA AKCYJNA,LGT (LGTRADE),NewConnect: Informatyka
668,LKS,LK DESIGNER SHOPS SPÓŁKA AKCYJNA,LKS (LKDESIGN),NewConnect: Handel
669,LAUREN-PESO,LAUREN PESO POLSKA SPÓŁKA AKCYJNA,LPS (LAURENPES),NewConnect: Usługi inne
670,LSH,MODULE TECHNOLOGIES SPÓŁKA AKCYJNA,LSH (LSTECHHOM),NewConnect: Technologie
671,LUG,LUG SPÓŁKA AKCYJNA,LUG,NewConnect: Budownictwo
672,LUKARDI,LUKARDI SPÓŁKA AKCYJNA,LUK (LUKARDI),NewConnect: Informatyka
673,M4B,M4B SPÓŁKA AKCYJNA,M4B,NewConnect: Informatyka
674,MADKOM,MADKOM SPÓŁKA AKCYJNA,MAD (MADKOM),NewConnect: Informatyka
675,MARSOFT,MARSOFT SPÓŁKA AKCYJNA,MAR (MARSOFT),NewConnect: Telekomunikacja
676,MAXIMUS,MAXIMUS SPÓŁKA AKCYJNA,MAX (MAXIMUS),NewConnect: Handel
677,MBF-GROUP,MBF GROUP SPÓŁKA AKCYJNA,MBF (MBFGROUP),NewConnect: Informatyka
678,MODERNCOM,MODERN COMMERCE SPÓŁKA AKCYJNA,MCE (MODERNCOM),NewConnect: Usługi inne
679,MEDAPP,MEDAPP SPÓŁKA AKCYJNA,MDA (MEDAPP),NewConnect: Media
680,MEDIAN-POLSKA,MEDIAN POLSKA SPÓŁKA AKCYJNA,MDN (MEDIANPOL),NewConnect: Handel
681,MEDCAMP,MEDCAMP SPÓŁKA AKCYJNA,MDP (MEDCAMP),NewConnect: Nieruchomości
682,MERIT-INVEST,MERIT INVEST SPÓŁKA AKCYJNA,MEI (MERIT),NewConnect: Usługi finansowe
683,MERA,MERA SPÓŁKA AKCYJNA,MER (MERA),NewConnect: Budownictwo
684,M-FOOD,M FOOD SPÓŁKA AKCYJNA,MFD (MFOOD),NewConnect: Handel
685,MEGA-SONIC,MEGA SONIC SPÓŁKA AKCYJNA,MGA (MEGASONIC),NewConnect: Technologie
686,MGC,MED-GALICJA SPÓŁKA AKCYJNA,MGC (MEDGALIC),NewConnect: Ochrona zdrowia
687,MID,ARTS ALLIANCE GK SPÓŁKA AKCYJNA,MID (MIDVEN),NewConnect: Usługi finansowe
688,MAKOLAB,MAKOLAB SPÓŁKA AKCYJNA,MLB (MAKOLAB),NewConnect: Informatyka
689,MILKPOL,MILKPOL SPÓŁKA AKCYJNA,MLP (MILKPOL),NewConnect: Handel
690,MALKOWSKI-MARTECH,MAŁKOWSKI-MARTECH SPÓŁKA AKCYJNA,MMA (MALKOWSKI),NewConnect: Budownictwo
691,MM-CONFERENCES,MM CONFERENCES SPÓŁKA AKCYJNA,MMC (MMCPL),NewConnect: Usługi inne
692,MILESTONE,MILESTONE MEDICAL. INC.,MMD (MILESTONE),NewConnect: Ochrona zdrowia
693,MOBIMEDIA,MOBIMEDIA SOLUTION SPÓŁKA AKCYJNA,MMS (MOBIMEDIA),NewConnect: Media
694,MINERAL-MIDRANGE,MINERAL MIDRANGE SPÓŁKA AKCYJNA,MND (MINERAL),NewConnect: Informatyka
695,MENNICA-SKARBOWA,MENNICA SKARBOWA SPÓŁKA AKCYJNA,MNS (MENNICASK),NewConnect: e-handel
696,MINOX,MINOX SPÓŁKA AKCYJNA,MNX (MINOX),NewConnect: Handel
697,MODE,MODE SPÓŁKA AKCYJNA,MOE (MODE),NewConnect: Technologie
698,MOV,MOVIE GAMES,MOV (MOVIEGAMES),NewConnect: Informatyka
699,MPAY,MPAY SPÓŁKA AKCYJNA,MPY (MPAY),NewConnect: Usługi finansowe
700,MRD,MEDARD SPÓŁKA AKCYJNA,MRD (MEDARD),NewConnect: Wypoczynek
701,MRG,MERLIN GROUP SPÓŁKA AKCYJNA,MRG (MERLINGRP),NewConnect: Media
702,MR-HAMBURGER,MR HAMBURGER SPÓŁKA AKCYJNA,MRH (HAMBURGER),NewConnect: Wypoczynek
703,MARKA,MARKA SPÓŁKA AKCYJNA,MRK (MARKA),NewConnect: Usługi finansowe
704,METROPOLIS,METROPOLIS SPÓŁKA AKCYJNA,MRS (METROPOLIS),NewConnect: Ochrona zdrowia
705,MOTORICUS,MOTORICUS SPÓŁKA AKCYJNA,MTR (MOTORICUS),NewConnect: Handel
706,MTS,M-TRANS SPÓŁKA AKCYJNA,MTS (MTRANS),NewConnect: Usługi inne
707,MAXIPIZZA,MAXIPIZZA SPÓŁKA AKCYJNA,MXP (MAXIPIZZA),NewConnect: Wypoczynek
708,NOWOCZESNA-FIRMA,NOWOCZESNA FIRMA SPÓŁKA AKCYJNA,NFP (NFPL),NewConnect: Media
709,NOVINA,NOVINA SPÓŁKA AKCYJNA,NOV (NOVINA),NewConnect: Inwestycje
710,NST,NESTMEDIC SPÓŁKA AKCYJNA,NST (NESTMEDIC),NewConnect: Ochrona zdrowia
711,NOTORIA-SERWIS,NOTORIA SERWIS SPÓŁKA AKCYJNA,NTS (NOTORIA),NewConnect: Usługi inne
712,NETWISE,NETWISE SPÓŁKA AKCYJNA,NTW (NETWISE),NewConnect: Informatyka
713,NOVAVIS,NOVAVIS SPÓŁKA AKCYJNA,NVV (NOVAVIS),NewConnect: Eco-energia
714,NWAI-DOM-MAKLERSKI,NWAI DOM MAKLERSKI SPÓŁKA AKCYJNA,NWA (NWAI),NewConnect: Inwestycje
715,NXB,NEXTBIKE POLSKA SPÓŁKA AKCYJNA,NXB (NEXTBIKE),NewConnect: Usługi inne
716,OML,ONE MORE LEVEL SPÓŁKA AKCYJNA,OML (ONEMORE),NewConnect: Ochrona zdrowia
717,ONICO,ONICO SPÓŁKA AKCYJNA,ONC (ONICO),NewConnect: Handel
718,OPTIZEN-LABS,OPTIZEN LABS SPÓŁKA AKCYJNA,OPT (OPTIZENLB),NewConnect: Media
719,ORGANIC-FARMA-ZDROWIA,ORGANIC FARMA ZDROWIA SPÓŁKA AKCYJNA,ORG (ORGANIC),NewConnect: Handel
720,ORZEL,ORZEŁ SPÓŁKA AKCYJNA,ORL (ORZLOPONY),NewConnect: Recykling
721,ORPHEE,ORPHEE SA,ORP (ORPHEE),NewConnect: Ochrona zdrowia
722,OUTDOORZY,OUTDOORZY SPÓŁKA AKCYJNA,OUT (OUTDOORZY),NewConnect: Handel
723,PRESENT24,PRESENT24 SPÓŁKA AKCYJNA,P24 (PRESENT24),NewConnect: e-handel
724,PAS,PASSUS SPÓŁKA AKCYJNA,PAS (PASSUS),NewConnect: Informatyka
725,PREFABET,PRZEDSIĘBIORSTWO PRZEMYSŁU BETONÓW PREFABET - BIAŁE BŁOTA SPÓŁKA AKCYJNA,PBB (PREFABET),NewConnect: Budownictwo
726,PBT,PRIME BIT GAMES SPÓŁKA AKCYJNA,PBT (PBGAMES),NewConnect: Informatyka
727,PHOTON,PHOTON ENERGY N.V.,PEN (PHOTON),NewConnect: Eco-energia
728,PATENT-FUND,PATENT FUND SPÓŁKA AKCYJNA,PFD (PATFUND),NewConnect: Wypoczynek
729,PERMA-FIX-MEDICAL,PERMA-FIX MEDICAL SPÓŁKA AKCYJNA,PFM (PFMEDICAL),NewConnect: Usługi finansowe
730,PHIWIERZY,PHI WIERZYTELNOŚCI SPÓŁKA AKCYJNA,PHI (PHIWIERZY),NewConnect: Usługi finansowe
731,PHARMENA,PHARMENA SPÓŁKA AKCYJNA,PHR (PHARMENA),NewConnect: Ochrona zdrowia
732,PIG,PLANET INNOVATION GROUP SPÓŁKA AKCYJNA,PIG (PLANETINN),NewConnect: Informatyka
733,PIK,PIK SPÓŁKA AKCYJNA,PIK,NewConnect: Handel
734,PROPERTYF,PROPERTY LEASE FUND SPÓŁKA AKCYJNA,PLE (PROPERTYF),NewConnect: Usługi inne
735,PLG,PL GROUP SPÓŁKA AKCYJNA,PLG (PLGROUP),NewConnect: Handel
736,PLATIGE-IMAGE,PLATIGE IMAGE SPÓŁKA AKCYJNA,PLI (PLATIGE),NewConnect: Media
737,POLMAN,POLMAN SPÓŁKA AKCYJNA,PLM (POLMAN),NewConnect: Recykling
738,POLMT,POLSKA MEAT SPÓŁKA AKCYJNA,PME (POLMT),NewConnect: Handel
739,PMF,PREMIUM FUND SPÓŁKA AKCYJNA,PMF (PREMIUMF),NewConnect: Handel
740,PRIME-MINERALS,PRIME MINERALS SPÓŁKA AKCYJNA,PMT (PRIME),NewConnect: Usługi finansowe
741,PNT,POINTPACK.PL SPÓŁKA AKCYJNA,PNT (POINTPACK),NewConnect: Usługi inne
742,PRO-LOG,PRO-LOG SPÓŁKA AKCYJNA,PRL (PROLOG),NewConnect: Usługi inne
743,PARTNER-NIERUCHOMOSCI,PARTNER-NIERUCHOMOŚCI SPÓŁKA AKCYJNA,PRN (PARTNER),NewConnect: Nieruchomości
744,APN-PROMISE,A.P.N. PROMISE SPÓŁKA AKCYJNA,PRO (PROMISE),NewConnect: Handel
745,PRYMUS,PRYMUS SPÓŁKA AKCYJNA,PRS (PRYMUS),NewConnect: Handel
746,PLASMA-SYSTEM,PLASMA SYSTEM SPÓŁKA AKCYJNA,PSM (PLASMA),NewConnect: Technologie
747,PRESTO,PRESTO SPÓŁKA AKCYJNA,PST (PRESTO),NewConnect: Recykling
748,PTE,PARCEL TECHNIK SPÓŁKA AKCYJNA,PTE (PARCELTEC),NewConnect: Usługi inne
749,POLTRONIC,POLTRONIC SPÓŁKA AKCYJNA,PTN (POLTRONIC),NewConnect: Handel
750,PTWP,POLSKIE TOWARZYSTWO WSPIERANIA PRZEDSIĘBIORCZOŚCI SPÓŁKA AKCYJNA,PTW (PTWP),NewConnect: Media
751,PUR,PURE BIOLOGICS SPÓŁKA AKCYJNA,PUR (PURE),NewConnect: Ochrona zdrowia
752,PYLON,PYLON SPÓŁKA AKCYJNA,PYL (PYLON),NewConnect: Technologie
753,QON,QUARTICON SPÓŁKA AKCYJNA,QON (QUARTICON),NewConnect: Informatyka
754,QUART-DEVELOPMENT,QUART DEVELOPMENT SPÓŁKA AKCYJNA,QRT (QUART),NewConnect: Nieruchomości
755,QUBICGMS,QUBICGAMES SPÓŁKA AKCYJNA,QUB (QUBICGMS),NewConnect: Informatyka
756,ROBINSON-EUROPE,ROBINSON EUROPE SPÓŁKA AKCYJNA,RBS (ROBINSON),NewConnect: Handel
757,ROCCA,ROCCA SPÓŁKA AKCYJNA,RCA (ROCCA),NewConnect: Budownictwo
758,RUCH-CHORZOW,RUCH CHORZÓW SPÓŁKA AKCYJNA,RCW (RUCHCHORZ),NewConnect: Wypoczynek
759,READ-GENE,READ-GENE SPÓŁKA AKCYJNA,RDG (READGENE),NewConnect: Technologie
760,REMEDIS,REMEDIS SPÓŁKA AKCYJNA,REM (REMEDIS),NewConnect: Usługi finansowe
761,ROVITA-SPOLKA,ROVITA SPÓŁKA AKCYJNA,ROV (ROVITA),NewConnect: Handel
762,RSP,REMOR SOLAR POLSKA SPÓŁKA AKCYJNA,RSP (REMORSOL),NewConnect: Eco-energia
763,RSY,RSY SPÓŁKA AKCYJNA,RSY,NewConnect: Technologie
764,S4E,S4E SPÓŁKA AKCYJNA,S4E,NewConnect: Technologie
765,SOFTBLUE,SOFTBLUE SPÓŁKA AKCYJNA,SBE (SOFTBLUE),NewConnect: Technologie
766,SCP,SCOPE FLUIDICS SPÓŁKA AKCYJNA,SCP (SCPFL),NewConnect: Ochrona zdrowia
767,STEM-CELLS-SPIN,STEM CELLS SPIN SPÓŁKA AKCYJNA,SCS (STEMCELLS),NewConnect: Ochrona zdrowia
768,SEVENET,SEVENET SPÓŁKA AKCYJNA,SEV (SEVENET),NewConnect: Informatyka
769,SFD,SFD SPÓŁKA AKCYJNA,SFD,NewConnect: e-handel
770,POLKAP,SKOCZOWSKA FABRYKA KAPELUSZY POLKAP SPÓŁKA AKCYJNA,SFK (SFKPOLKAP),NewConnect: Handel
771,SFERANET,SFERANET SPÓŁKA AKCYJNA,SFN (SFERANET),NewConnect: Telekomunikacja
772,SAKANA,SAKANA SPÓŁKA AKCYJNA,SKN (SAKANA),NewConnect: Wypoczynek
773,SLK,ŚLĄSKIE KAMIENICE SPÓŁKA AKCYJNA,SLK (SLASKIEKA),NewConnect: Nieruchomości
774,SMS-KREDYT-HOLDING,SMS KREDYT HOLDING SPÓŁKA AKCYJNA,SMS (SMSKREDYT),NewConnect: Usługi finansowe
775,SNG,SYNERGA.FUND SPÓŁKA AKCYJNA,SNG (SYNERGA),NewConnect: Inwestycje
776,SP1,MATRX PHARMACEUTICALS SPÓŁKA AKCYJNA,SP1 (SPAC1),NewConnect: Inwestycje
777,SPARKVC,SPARK VC SPÓŁKA AKCYJNA,SPK (SPARKVC),NewConnect: Media
778,SURFLAND,SURFLAND SYSTEMY KOMPUTEROWE SPÓŁKA AKCYJNA,SSK (SURFLAND),NewConnect: Informatyka
779,STANDREW,STANDREW SPÓŁKA AKCYJNA,STD (STANDREW),NewConnect: Technologie
780,STOPKLATKA,STOPKLATKA SPÓŁKA AKCYJNA,STK (STOPKLA),NewConnect: Media
781,STO,STOPPOINT SPÓŁKA AKCYJNA,STO (STOPPOINT),NewConnect: Handel
782,SUMMA-LINGUAE,SUMMA LINGUAE SPÓŁKA AKCYJNA,SUL (SUMMALING),NewConnect: Usługi inne
783,SUNTECH,SUNTECH SPÓŁKA AKCYJNA,SUN (SUNTECH),NewConnect: Informatyka
784,SYMBIO-POLSKA,SYMBIO POLSKA SPÓŁKA AKCYJNA,SYM (SYMBIO),NewConnect: Handel
785,SZAR,SZAR SPÓŁKA AKCYJNA,SZR (SZAR),NewConnect: Handel
786,TERMO2PWR,TERMO2POWER SPÓŁKA AKCYJNA,T2P (TERMO2PWR),NewConnect: Eco-energia
787,TECHMADEX,TECHMADEX SPÓŁKA AKCYJNA,TDX (TECHMADEX),NewConnect: Technologie
788,THD,THE DUST,THD (THEDUST),NewConnect: Informatyka
789,TECHINVGR,TECH INVEST GROUP SPÓŁKA AKCYJNA,TIG (TECHINVGR),NewConnect: Usługi finansowe
790,TELGAM,PRZEDSIĘBIORSTWO TELEKOMUNIKACYJNE TELGAM SPÓLKA AKCYJNA,TLG (TELGAM),NewConnect: Telekomunikacja
791,TLH,TELEHORSE SPÓŁKA AKCYJNA,TLH (TELEHORSE),NewConnect: Usługi finansowe
792,TELESTO,TELESTO SPÓŁKA AKCYJNA,TLO (TELESTO),NewConnect: Recykling
793,TELESTRADA,TELESTRADA SPÓŁKA AKCYJNA,TLS (TELESTR),NewConnect: Telekomunikacja
794,TELIANI-VALLEY,TELIANI VALLEY POLSKA SPÓŁKA AKCYJNA,TLV (TELIANI),NewConnect: Handel
795,TERMOEXPERT,TERMOEXPERT SPÓŁKA AKCYJNA,TME (TERMOEXP),NewConnect: Budownictwo
796,TELEMEDYCYNA,TELEMEDYCYNA POLSKA SPÓŁKA AKCYJNA,TMP (TELEMEDPL),NewConnect: Ochrona zdrowia
797,TAMEX,TAMEX OBIEKTY SPORTOWE SPÓŁKA AKCYJNA,TOS (TAMEX),NewConnect: Budownictwo
798,TAX-NET,TAX-NET SPÓŁKA AKCYJNA,TXN (TAXNET),NewConnect: Usługi finansowe
799,ARTP-CAPITAL,ARTP CAPITAL SPÓŁKA AKCYJNA,TYP (ARTP),NewConnect: Media
800,UFC,UNIFIED FACTORY SPÓŁKA AKCYJNA,UFC (UNIFIED),NewConnect: Informatyka
801,ULG,ULTIMATE GAMES SPÓŁKA AKCYJNA,ULG (ULTGAMES),NewConnect: Informatyka
802,UNITED,UNITED SPÓŁKA AKCYJNA,UTD (UNITED),NewConnect: Usługi inne
803,VAB,VABUN SPÓŁKA AKCYJNA,VAB (VABUN),NewConnect: Usługi inne
804,VAR,VARSAV GAME STUDIOS SPÓŁKA AKCYJNA,VAR (VARSAV),NewConnect: Informatyka
805,VENTURE-CAPITAL-POLAND,VENTURE CAPITAL POLAND SPÓŁKA AKCYJNA,VCP,NewConnect: Inwestycje
806,VIDIS,VIDIS SPÓŁKA AKCYJNA,VDS (VIDIS),NewConnect: Handel
807,MPL-VERBUM,MPL VERBUM SPÓŁKA AKCYJNA,VER (MPLVERBUM),NewConnect: Usługi inne
808,VIATRON,VIATRON SPÓŁKA AKCYJNA,VIA (VIATRON),NewConnect: Usługi inne
809,VIRTUAL-VISION,EUROINVESTMENT SPÓŁKA AKCYJNA,VIV (VISION),NewConnect: Media
810,VAKOMTEK,VAKOMTEK SPÓŁKA AKCYJNA,VKT (VAKOMTEK),NewConnect: Handel
811,VOI,VOICETEL COMMUNICATIONS SPÓŁKA AKCYJNA,VOI (VOICETEL),NewConnect: Informatyka
812,VERBICOM,VERBICOM SPÓŁKA AKCYJNA,VRB (VERBICOM),NewConnect: Technologie
813,VTE,VERTE SPÓŁKA AKCYJNA,VTE (VERTE),NewConnect: Usługi inne
814,WDB-BROKERZY-UBEZPIECZENIOWI,WDB BROKERZY UBEZPIECZENIOWI SPÓŁKA AKCYJNA,WDB (WDBBU),NewConnect: Usługi finansowe
815,WERTH-HOLZ,WERTH-HOLZ SPÓŁKA AKCYJNA,WHH (WERTHHOLZ),NewConnect: Budownictwo
816,WODKAN,WODKAN PRZEDSIĘBIORSTWO WODOCIĄGÓW I KANALIZACJI SPÓŁKA AKCYJNA,WOD (WODKAN),NewConnect: Usługi inne
817,WEST-REAL-ESTATE,WEST REAL ESTATE SPÓŁKA AKCYJNA,WRE (WESTREAL),NewConnect: Nieruchomości
818,WIERZYCIEL,WIERZYCIEL SPÓŁKA AKCYJNA,WRL (WIERZYCL),NewConnect: Usługi finansowe
819,WTF,WOLFS TECHNOLOGY FUND SPÓŁKA AKCYJNA,WTF (WOLFSTF),NewConnect: Nieruchomości
820,XPLUS,XPLUS SPÓŁKA AKCYJNA,XPL (XPLUS),NewConnect: Informatyka
821,NEPTIS,NEPTIS SPÓŁKA AKCYJNA,YAN (NEPTIS),NewConnect: Informatyka
