,link,name,second
0,06N,MAGNA POLONIA SPÓŁKA AKCYJNA,06N (06MAGNA)
1,OCTAVA,OCTAVA SPÓŁKA AKCYJNA,08N (08OCTAVA)
2,11-BIT-STUDIOS,11 BIT STUDIOS SPÓŁKA AKCYJNA,11B (11BIT)
3,ATAL,ATAL SPÓŁKA AKCYJNA,1AT (ATAL)
4,4FUN-MEDIA,4FUN MEDIA SPÓŁKA AKCYJNA,4FM (4FUNMEDIA)
5,AAT,ALTA SPÓŁKA AKCYJNA,AAT (ALTA)
6,ABADONRE,ABADON REAL ESTATE SPÓŁKA AKCYJNA,ABA (ABADONRE)
7,ABC-DATA,ABC DATA SPÓŁKA AKCYJNA,ABC (ABCDATA)
8,ABE,AB SPÓŁKA AKCYJNA,ABE (ABPL)
9,ABM-SOLID,ABM SOLID SPÓŁKA AKCYJNA W UPADŁOŚCI UKŁADOWEJ,ABM (ABMSOLID)
10,ASSECO-BUSINESS-SOLUTIONS,ASSECO BUSINESS SOLUTIONS SPÓŁKA AKCYJNA,ABS (ASSECOBS)
11,ACG,AC SPÓŁKA AKCYJNA,ACG (ACAUTOGAZ)
12,ASSECO-POLAND,ASSECO POLAND SPÓŁKA AKCYJNA,ACP (ASSECOPOL)
13,ACTION,ACTION SPÓŁKA AKCYJNA,ACT (ACTION)
14,ADIUVO-INVESTMENT,ADIUVO INVESTMENTS SPÓŁKA AKCYJNA,ADV (ADIUVO)
15,AGORA,AGORA SPÓŁKA AKCYJNA,AGO (AGORA)
16,AGROTON,AGROTON PUBLIC LIMITED,AGT (AGROTON)
17,ALCHEMIA,ALCHEMIA SPÓŁKA AKCYJNA,ALC (ALCHEMIA)
18,ALTUS,ALTUS TOWARZYSTWO FUNDUSZY INWESTYCYJNYCH SPÓŁKA AKCYJNA,ALI (ALTUSTFI)
19,ALL,AILLERON SPÓŁKA AKCYJNA,ALL (AILLERON)
20,ALIOR-BANK,ALIOR BANK SPÓŁKA AKCYJNA,ALR (ALIOR)
21,AMBRA,AMBRA SPÓŁKA AKCYJNA,AMB (AMBRA)
22,AMICA,AMICA WRONKI SPÓŁKA AKCYJNA,AMC (AMICA)
23,ALUMETAL,ALUMETAL SPÓŁKA AKCYJNA,AML (ALUMETAL)
24,APS-ENERGIA,APS ENERGIA SPÓŁKA AKCYJNA,APE (APSENERGY)
25,AMPLI,AMPLI SPÓŁKA AKCYJNA W UPADŁOŚCI UKŁADOWEJ,APL (AMPLI)
26,APLISENS,APLISENS SPÓŁKA AKCYJNA,APN (APLISENS)
27,APR,AUTO PARTNER SPÓŁKA AKCYJNA,APR (AUTOPARTN)
28,APATOR,APATOR SPÓŁKA AKCYJNA,APT (APATOR)
29,ARCUS,ARCUS SPÓŁKA AKCYJNA,ARC (ARCUS)
30,ARH,ARCHICOM SPÓŁKA AKCYJNA,ARH (ARCHICOM)
31,ARTERIA,ARTERIA SPÓŁKA AKCYJNA,ARR (ARTERIA)
32,ARTIFEX,ARTIFEX MUNDI SPÓŁKA AKCYJNA,ART (ARTIFEX)
33,ASBISC,ASBISC ENTERPRISES PLC,ASB (ASBIS)
34,ASSECO-SOUTH-EASTERN-EUROPE,ASSECO SOUTH EASTERN EUROPE SPÓŁKA AKCYJNA,ASE (ASSECOSEE)
35,ASM-GROUP,ASM GROUP SPÓŁKA AKCYJNA,ASM (ASMGROUP)
36,ASTARTA,ASTARTA HOLDING N.V.,AST (ASTARTA)
37,ARCTIC-PAPER,ARCTIC PAPER SPÓŁKA AKCYJNA,ATC (ARCTIC)
38,ATENDE,ATENDE SPÓŁKA AKCYJNA,ATD (ATENDE)
39,ATM-GRUPA,ATM GRUPA SPÓŁKA AKCYJNA,ATG (ATMGRUPA)
40,ATLAS-ESTATES,ATLAS ESTATES LIMITED,ATL (ATLASEST)
41,ATM,ATM SPÓŁKA AKCYJNA,ATM
42,ATLANTA-POLAND,ATLANTA POLAND SPÓŁKA AKCYJNA,ATP (ATLANTAPL)
43,ATREM,ATREM SPÓŁKA AKCYJNA,ATR (ATREM)
44,ATS,ATLANTIS SE,ATS (ATLANTIS)
45,ATT,GRUPA AZOTY SPÓŁKA AKCYJNA,ATT (GRUPAAZOTY)
46,AUGAGROUP,AUGA GROUP AB,AUG (AUGA)
47,AWBUD,AWBUD SPÓŁKA AKCYJNA,AWB (AWBUD)
48,AIRWAY-MEDIX,AIRWAY MEDIX SPÓŁKA AKCYJNA,AWM (AIRWAY)
49,BAHOLDING,BRITISH AUTOMOTIVE HOLDING SPÓŁKA AKCYJNA,BAH (BAHOLDING)
50,BALTONA,PRZEDSIĘBIORSTWO HANDLU ZAGRANICZNEGO BALTONA SPÓŁKA AKCYJNA,BAL (BALTONA)
51,BBI-DEVELOPMENT,BBI DEVELOPMENT SPÓŁKA AKCYJNA,BBD (BBIDEV)
52,BETACOM,BETACOM SPÓŁKA AKCYJNA,BCM (BETACOM)
53,BUDOPOL-WROCLAW,BUDOPOL-WROCŁAW SPÓŁKA AKCYJNA W UPADŁOŚCI UKŁADOWEJ,BDL (BUDOPOL)
54,BUDIMEX,BUDIMEX SPÓŁKA AKCYJNA,BDX (BUDIMEX)
55,ELEKTROCIEPLOWNIA-BEDZIN,ELEKTROCIEPŁOWNIA BĘDZIN SPÓŁKA AKCYJNA,BDZ (BEDZIN)
56,BENEFIT-SYSTEMS,BENEFIT SYSTEMS SPÓŁKA AKCYJNA,BFT (BENEFIT)
57,BGZ-BNP-PARIBAS,BANK BGŻ BNP PARIBAS SPÓŁKA AKCYJNA,BGZ (BGZBNPP)
58,BANK-HANDLOWY,BANK HANDLOWY W WARSZAWIE SPÓŁKA AKCYJNA,BHW (HANDLOWY)
59,BIK,BIURO INWESTYCJI KAPITALOWYCH SPÓŁKA AKCYJNA,BIK
60,BIOTON,BIOTON SPÓŁKA AKCYJNA,BIO (BIOTON)
61,BKM,POLSKI BANK KOMÓREK MACIERZYSTYCH SPÓŁKA AKCYJNA,BKM (PBKM)
62,BUMECH,BUMECH SPÓŁKA AKCYJNA,BMC (BUMECH)
63,BIOMED-LUBLIN,BIOMED-LUBLIN WYTWÓRNIA SUROWIC I SZCZEPIONEK SPÓŁKA AKCYJNA W RESTRUKTURYZACJI,BML (BIOMEDLUB)
64,BANK-OCHRONY-SRODOWISKA,BANK OCHRONY ŚRODOWISKA SPÓŁKA AKCYJNA,BOS
65,BOWIM,BOWIM SPÓŁKA AKCYJNA,BOW (BOWIM)
66,BRASTER,BRASTER SPÓŁKA AKCYJNA,BRA (BRASTER)
67,BERLING,BERLING SPÓŁKA AKCYJNA,BRG (BERLING)
68,BORYSZEW,BORYSZEW SPÓŁKA AKCYJNA,BRS (BORYSZEW)
69,BSC-DRUKARNIA-OPAKOWAN,BSC DRUKARNIA OPAKOWAŃ SPÓŁKA AKCYJNA,BSC (BSCDRUK)
70,BEST,BEST SPÓŁKA AKCYJNA,BST (BEST)
71,BUWOG,BUWOG AG,BWO (BUWOG)
72,INTER-CARS,INTER CARS SPÓŁKA AKCYJNA,CAR (INTERCARS)
73,CCC,CCC SPÓŁKA AKCYJNA,CCC
74,CLEAN-CARBON-ENERGY,CLEAN&amp;amp;CARBON ENERGY SPÓŁKA AKCYJNA,CCE (CCENERGY)
75,CDL,CDRL SPÓŁKA AKCYJNA,CDL (CDRL)
76,CD-PROJEKT,CD PROJEKT SPÓŁKA AKCYJNA,CDR (CDPROJEKT)
77,CEZ,ČEZ. A.S.,CEZ
78,CFI-HOLDING,CFI HOLDING SPÓŁKA AKCYJNA,CFI
79,CHEMOSERVIS-DWORY,CHEMOSERVIS-DWORY SPÓŁKA AKCYJNA,CHS (CHEMOS)
80,CIECH,CIECH SPÓŁKA AKCYJNA,CIE (CIECH)
81,CI-GAMES,CI GAMES SPÓŁKA AKCYJNA,CIG (CIGAMES)
82,COAL-ENERGY,COAL ENERGY S.A.,CLE (COALENERG)
83,CLNPHARMA,CELON PHARMA SPÓŁKA AKCYJNA,CLN (CLNPHARMA)
84,COMP,COMP SPÓŁKA AKCYJNA,CMP (COMP)
85,COMARCH,COMARCH SPÓŁKA AKCYJNA,CMR (COMARCH)
86,CERAMIKA-NOWA-GALA,CERAMIKA NOWA GALA SPÓŁKA AKCYJNA,CNG (NOWAGALA)
87,CENTRUM-NOWOCZESNYCH-TECHNOLOGII,CENTRUM NOWOCZESNYCH TECHNOLOGII SPÓŁKA AKCYJNA,CNT
88,COGNOR,COGNOR SPÓŁKA AKCYJNA,COG (COGNOR)
89,CAPITAL-PARTNERS,CAPITAL PARTNERS SPÓŁKA AKCYJNA,CPA (CAPITAL)
90,CPD,CPD SPÓŁKA AKCYJNA,CPD (CELTIC)
91,CAPITAL-PARK,CAPITAL PARK SPÓŁKA AKCYJNA,CPG (CPGROUP)
92,COMPERIA-PL,COMPERIA.PL SPÓŁKA AKCYJNA,CPL (COMPERIA)
93,CYFROWY-POLSAT,CYFROWY POLSAT SPÓŁKA AKCYJNA,CPS (CYFRPLSAT)
94,CORMAY,PZ CORMAY SPÓŁKA AKCYJNA,CRM (CORMAY)
95,CALATRAVA-CAPITAL,CALATRAVA CAPITAL SPÓŁKA AKCYJNA,CTC (CALATRAVA)
96,CUBE-ITG,CUBE.ITG SPÓŁKA AKCYJNA,CTG (CUBEITG)
97,CTS,CITY SERVICE SE,CTS (CITYSERV)
98,CZERWONA-TOREBKA,CZERWONA TOREBKA SPÓŁKA AKCYJNA,CZT (CZTOREBKA)
99,DAT,DATAWALK SPÓŁKA AKCYJNA,DAT (DATAWALK)
100,DATA,DATAWALK,DATA (DATAWALK-PDA)
101,DEBICA,FIRMA OPONIARSKA DĘBICA SPÓŁKA AKCYJNA,DBC (DEBICA)
102,DECORA,DECORA SPÓŁKA AKCYJNA,DCR (DECORA)
103,DEKPOL,DEKPOL SPÓŁKA AKCYJNA,DEK (DEKPOL)
104,DELKO,DELKO SPÓŁKA AKCYJNA,DEL (DELKO)
105,DGA,DGA SPÓŁKA AKCYJNA,DGA
106,DNP,DINO POLSKA SPÓŁKA AKCYJNA,DNP (DINOPL)
107,DOM-DEVELOPMENT,DOM DEVELOPMENT SPÓŁKA AKCYJNA,DOM (DOMDEV)
108,DROZAPOL-PROFIL,DROZAPOL-PROFIL SPÓŁKA AKCYJNA,DPL (DROZAPOL)
109,DREWEX,DREWEX SPÓŁKA AKCYJNA,DRE (DREWEX)
110,DROP,DROP SPÓŁKA AKCYJNA,DRP (DROP)
111,ESOTIQ-HENDERSON,ESOTIQ &amp;amp; HENDERSON SPÓŁKA AKCYJNA,EAH (ESOTIQ)
112,EAT,AMREST HOLDINGS SE,EAT (AMREST)
113,ECHO-INVESTMENT,ECHO INVESTMENT SPÓŁKA AKCYJNA,ECH (ECHO)
114,ED-INVEST,ED INVEST SPÓŁKA AKCYJNA,EDI (EDINVEST)
115,EKO-EXPORT,EKO EXPORT SPÓŁKA AKCYJNA,EEX (EKOEXPORT)
116,EFEKT,KORPORACJA GOSPODARCZA EFEKT SPÓŁKA AKCYJNA,EFK (EFEKT)
117,ERGIS-EUROFILMS,ERGIS SPÓŁKA AKCYJNA,EGS (ERGIS)
118,EUROHOLD-BULGARIA,EUROHOLD BULGARIA AD,EHG (EUROHOLD)
119,ELKOP,ELKOP SPÓŁKA AKCYJNA,EKP (ELKOP)
120,ELEKTROBUDOWA,ELEKTROBUDOWA SPÓŁKA AKCYJNA,ELB (ELBUDOWA)
121,ELEKTROTIM,ELEKTROTIM SPÓŁKA AKCYJNA,ELT (ELEKTROTI)
122,ELZAB,ZAKŁADY URZĄDZEŃ KOMPUTEROWYCH ELZAB SPÓŁKA AKCYJNA,ELZ (ELZAB)
123,EMC,EMC INSTYTUT MEDYCZNY SPÓŁKA AKCYJNA,EMC (EMCINSMED)
124,ELEMENTAL-HOLDING,ELEMENTAL HOLDING SPÓLKA AKCYJNA,EMT (ELEMENTAL)
125,ENEA,ENEA SPÓŁKA AKCYJNA,ENA (ENEA)
126,ENEL-MED,CENTRUM MEDYCZNE ENEL-MED SPÓŁKA AKCYJNA,ENE (ENELMED)
127,ENERGA,ENERGA SPÓŁKA AKCYJNA,ENG (ENERGA)
128,ENERGOINSTAL,ENERGOINSTAL SPÓŁKA AKCYJNA,ENI (ENERGOINS)
129,ENERGOAPARATURA,ENERGOAPARATURA SPÓŁKA AKCYJNA,ENP (ENAP)
130,ENT,ENTER AIR SPÓŁKA AKCYJNA,ENT (ENTER)
131,ERBUD,ERBUD SPÓŁKA AKCYJNA,ERB (ERBUD)
132,ERG,ERG SPÓŁKA AKCYJNA,ERG
133,ES-SYSTEM,ES-SYSTEM SPÓŁKA AKCYJNA,ESS (ESSYSTEM)
134,EST,ENEFI ENERGIAHATÉKONYSÁGI NYRT.,EST (ESTAR)
135,EUROTEL,EUROTEL SPÓŁKA AKCYJNA,ETL (EUROTEL)
136,EUROPEJSKIE-CENTRUM-ODSZKODOWAN,EUROPEJSKIE CENTRUM ODSZKODOWAŃ SPÓŁKA AKCYJNA,EUC (EUCO)
137,EUROCASH,EUROCASH SPÓŁKA AKCYJNA,EUR (EUROCASH)
138,EVEREST-INVESTMENTS,EVEREST INVESTMENTS SPÓŁKA AKCYJNA,EVE (EVEREST)
139,FEERUM,FEERUM SPÓŁKA AKCYJNA,FEE (FEERUM)
140,FERRUM,FERRUM SPÓŁKA AKCYJNA,FER (FERRUM)
141,FAST-FINANCE,FAST FINANCE SPÓŁKA AKCYJNA,FFI (FASTFIN)
142,FENGHUA-SOLETECH,FENGHUA SOLETECH AG,FGT (FENGHUA)
143,FAMUR,FAMUR SPÓŁKA AKCYJNA,FMF (FAMUR)
144,FMG,FINANCIAL ASSETS MANAGEMENT GROUP SPÓŁKA AKCYJNA,FMG
145,FON,FON SE,FON
146,FERRO,FERRO SPÓŁKA AKCYJNA,FRO (FERRO)
147,FASING,FABRYKI SPRZĘTU I NARZĘDZI GÓRNICZYCH GRUPA KAPITAŁOWA FASING SPÓŁKA AKCYJNA,FSG (FASING)
148,FORTE,FABRYKI MEBLI FORTE SPÓŁKA AKCYJNA,FTE (FORTE)
149,GBK,GETBACK SPÓŁKA AKCYJNA,GBK (GETBACK)
150,GROCLIN,GROCLIN SPÓŁKA AKCYJNA,GCN (GROCLIN)
151,IMMOBILE,GRUPA KAPITAŁOWA IMMOBILE SPÓŁKA AKCYJNA,GKI (IMMOBILE)
152,GLOBAL-COSMED,GLOBAL COSMED SPÓŁKA AKCYJNA,GLC (GLCOSMED)
153,GETIN-NOBLE-BANK,GETIN NOBLE BANK SPÓŁKA AKCYJNA,GNB (GETINOBLE)
154,GOBARTO,GOBARTO SPÓŁKA AKCYJNA,GOB (GOBARTO)
155,GPR,GLOBALWORTH POLAND REAL ESTATE N.V.,GPR (GPRE)
156,GPW,GIEŁDA PAPIERÓW WARTOŚCIOWYCH W WARSZAWIE SPÓŁKA AKCYJNA,GPW
157,GINO-ROSSI,GINO ROSSI SPÓŁKA AKCYJNA,GRI (GINOROSSI)
158,GRODNO,GRODNO SPÓŁKA AKCYJNA,GRN (GRODNO)
159,GTC,GLOBE TRADE CENTRE SPÓŁKA AKCYJNA,GTC
160,GETIN-HOLDING,GETIN HOLDING SPÓŁKA AKCYJNA,GTN (GETIN)
161,HYDROTOR,PRZEDSIĘBIORSTWO HYDRAULIKI SIŁOWEJ HYDROTOR S.A.,HDR (HYDROTOR)
162,HELIO,HELIO SPÓŁKA AKCYJNA,HEL (HELIO)
163,HOLLYWOOD,HOLLYWOOD SPÓŁKA AKCYJNA,HLD (HOLLYWOOD)
164,HARPER-HYGIENICS,HARPER HYGIENICS SPÓŁKA AKCYJNA,HRP (HARPER)
165,HERKULES,HERKULES SPÓŁKA AKCYJNA,HRS (HERKULES)
166,HUBSTYLE,HUBSTYLE SPÓŁKA AKCYJNA,HUB (HUBSTYLE)
167,I2D,I2 DEVELOPMENT SPÓŁKA AKCYJNA,I2D (I2DEV)
168,IALBGR,IALBATROS GROUP SPÓŁKA AKCYJNA,IAG (IALBGR)
169,IBSM,IBSM SPÓŁKA AKCYJNA,IBS (IBSM)
170,IDEA-BANK,IDEA BANK SPÓŁKA AKCYJNA,IDA (IDEABANK)
171,IDEON,IDEON SPÓŁKA AKCYJNA,IDE (IDEON)
172,INDYGOTECH-MINERALS,INDYGOTECH MINERALS SPÓŁKA AKCYJNA,IDG (INDYGO)
173,IDM,IDM SPÓŁKA AKCYJNA W UPADŁOŚCI UKŁADOWEJ,IDM (IDMSA)
174,INDATA-SOFTWARE,INDATA SOFTWARE SPÓŁKA AKCYJNA,IDT (INDATA)
175,IFC,INVESTMENT FRIENDS CAPITAL SE,IFC (IFCAPITAL)
176,IFI,IFIRMA SPÓŁKA AKCYJNA,IFI (IFIRMA)
177,IFR,INVESTMENT FRIENDS SE,IFR (IFSA)
178,IIA,IMMOFINANZ AG,IIA (IIAAV)
179,INDUSTRIAL-MILK-COMPANY,INDUSTRIAL MILK COMPANY S.A.,IMC (IMCOMPANY)
180,IMPERA,IMPERA CAPITAL SPÓŁKA AKCYJNA,IMP (IMPERA)
181,IMS,IMS SPÓŁKA AKCYJNA,IMS
182,INC,INC SPÓŁKA AKCYJNA,INC
183,INDYKPOL,INDYKPOL SPÓŁKA AKCYJNA,IND (INDYKPOL)
184,INTERFERIE,INTERFERIE SPÓŁKA AKCYJNA,INF (INTERFERI)
185,ING-BANK-SLASKI,ING BANK ŚLĄSKI SPÓŁKA AKCYJNA,ING (INGBSK)
186,INSTAL-KRAKOW,INSTAL KRAKÓW SPÓŁKA AKCYJNA,INK (INSTALKRK)
187,INTROL,INTROL SPÓŁKA AKCYJNA,INL (INTROL)
188,INPRO,INPRO SPÓŁKA AKCYJNA,INP (INPRO)
189,INVISTA,INVISTA SPÓŁKA AKCYJNA,INV (INVISTA)
190,IPOPEMA,IPOPEMA SECURITIES SPÓŁKA AKCYJNA,IPE (IPOPEMA)
191,INTERNATIONAL-PERSONAL-FINANCE-PLC,INTERNATIONAL PERSONAL FINANCE PUBLIC LIMITED COMPANY,IPF (PROVIDENT)
192,IMPEL,IMPEL SPÓŁKA AKCYJNA,IPL (IMPEL)
193,INTERSPPL,INTERSPORT POLSKA SPÓŁKA AKCYJNA,IPO (INTERSPPL)
194,IPX,IMPEXMETAL SPÓŁKA AKCYJNA,IPX (IMPEXMET)
195,IQ-PARTNERS,IQ PARTNERS SPÓŁKA AKCYJNA,IQP
196,INTER-RAO-LIETUVA,AB INTER RAO LIETUVA,IRL (INTERAOLT)
197,INTERBUD-LUBLIN,INTERBUD-LUBLIN SPÓŁKA AKCYJNA W RESTRUKTURYZACJI,ITB (INTERBUD)
198,ITM,INTERMA TRADE SPÓŁKA AKCYJNA,ITM (ITMTRADE)
199,IZOBLOK,IZOBLOK SPÓŁKA AKCYJNA,IZB (IZOBLOK)
200,IZOLACJA-JAROCIN,IZOLACJA-JAROCIN SPÓŁKA AKCYJNA,IZO (IZOLACJA)
201,IZOSTAL,IZOSTAL SPÓŁKA AKCYJNA,IZS (IZOSTAL)
202,JHM-DEVELOPMENT,JHM DEVELOPMENT SPÓŁKA AKCYJNA,JHM (JHMDEV)
203,JJ-AUTO,JJ AUTO AG,JJO (JJAUTO)
204,JSW-JASTRZEBSKA-SPOLKA-WEGLOWA,JASTRZĘBSKA SPÓŁKA WĘGLOWA SPÓŁKA AKCYJNA,JSW
205,JW-CONSTRUCTION,J. W. CONSTRUCTION HOLDING SPÓŁKA AKCYJNA,JWC (JWCONSTR)
206,JWW-INVEST,JWW INVEST SPÓŁKA AKCYJNA,JWW (JWWINVEST)
207,K2-INTERNET,K2 INTERNET SPÓŁKA AKCYJNA,K2I (K2INTERNT)
208,HENRYK-KANIA,ZAKŁADY MIĘSNE HENRYK KANIA SPÓŁKA AKCYJNA,KAN (KANIA)
209,KBD,KORPORACJA BUDOWLANA DOM SPÓŁKA AKCYJNA,KBD (KBDOM)
210,KRAKCHEMIA,KRAKCHEMIA SPÓŁKA AKCYJNA,KCH (KRAKCHEM)
211,KCI,KCI SPÓŁKA AKCYJNA,KCI
212,KDM-SHIPPING-PUBLIC-LIMITED,KDM SHIPPING PUBLIC LIMITED,KDM (KDMSHIPNG)
213,KERNEL,KERNEL HOLDING S.A.,KER (KERNEL)
214,KGHM,KGHM POLSKA MIEDŹ SPÓŁKA AKCYJNA,KGH (KGHM)
215,KGL,KORPORACJA KGL SPÓŁKA AKCYJNA,KGL
216,KOGENERACJA,ZESPÓŁ ELEKTROCIEPŁOWNI WROCŁAWSKICH KOGENERACJA SPÓŁKA AKCYJNA,KGN (KOGENERA)
217,KOMPAP,PRZEDSIĘBIORSTWO PRODUKCYJNO HANDLOWE KOMPAP SPÓŁKA AKCYJNA,KMP (KOMPAP)
218,KOMPUTRONIK,KOMPUTRONIK SPÓŁKA AKCYJNA,KOM (KOMPUTRON)
219,KPD,KOSZALIŃSKIE PRZEDSIĘBIORSTWO PRZEMYSŁU DRZEWNEGO SPÓŁKA AKCYJNA,KPD (KPPD)
220,KINO-POLSKA-TV,KINO POLSKA TV SPÓŁKA AKCYJNA,KPL (KINOPOL)
221,KRYNICKI-RECYKLING,KRYNICKI RECYKLING SPÓŁKA AKCYJNA,KRC (KREC)
222,KREDYT-INKASO,KREDYT INKASO SPÓŁKA AKCYJNA,KRI (KREDYTIN)
223,KRKA,KRKA. TOVARNA ZDRAVIL. D.D.. NOVO MESTO,KRK (KRKA)
224,KRUK,KRUK SPÓŁKA AKCYJNA,KRU (KRUK)
225,KSG-AGRO,KSG AGRO S.A.,KSG (KSGAGRO)
226,KONSORCJUM-STALI,KONSORCJUM STALI SPÓŁKA AKCYJNA,KST (KONSSTALI)
227,KRUSZWICA,ZAKŁADY TŁUSZCZOWE KRUSZWICA SPÓŁKA AKCYJNA,KSW (KRUSZWICA)
228,KETY,GRUPA KĘTY SPÓŁKA AKCYJNA,KTY (KETY)
229,KVT,KRYNICA VITAMIN SPÓŁKA AKCYJNA,KVT (KRVITAMIN)
230,KREZUS,KREZUS SPÓŁKA AKCYJNA,KZS (KREZUS)
231,LABO-PRINT,LABO PRINT SPÓŁKA AKCYJNA,LAB (LABOPRINT)
232,LIBET,LIBET SPÓŁKA AKCYJNA,LBT (LIBET)
233,LUBAWA,LUBAWA SPÓŁKA AKCYJNA,LBW (LUBAWA)
234,LC-CORP,LC CORP SPÓŁKA AKCYJNA,LCC (LCCORP)
235,LENA-LIGHTING,LENA LIGHTING SPÓŁKA AKCYJNA,LEN (LENA)
236,LKD,LOKUM DEWELOPER SPÓŁKA AKCYJNA,LKD (LOKUM)
237,LPP,LPP SPÓŁKA AKCYJNA,LPP
238,LARK-PL,LARK.PL SPÓŁKA AKCYJNA,LRK (LARK)
239,CAM-MEDIA,LARQ SPÓŁKA AKCYJNA,LRQ (LARQ)
240,LSI-SOFTWARE,LSI SOFTWARE SPÓŁKA AKCYJNA,LSI (LSISOFT)
241,LOTOS,GRUPA LOTOS SPÓŁKA AKCYJNA,LTS (LOTOS)
242,LENTEX,LENTEX SPÓŁKA AKCYJNA,LTX (LENTEX)
243,LIVECHAT,LIVECHAT SOFTWARE SPÓŁKA AKCYJNA,LVC (LIVECHAT)
244,BOGDANKA,LUBELSKI WĘGIEL BOGDANKA SPÓŁKA AKCYJNA,LWB (BOGDANKA)
245,MABION,MABION SPÓŁKA AKCYJNA,MAB (MABION)
246,MAKARONY-POLSKIE,MAKARONY POLSKIE SPÓŁKA AKCYJNA,MAK (MAKARONPL)
247,MBANK,MBANK SPÓŁKA AKCYJNA,MBK (MBANK)
248,MBR,MO-BRUK SPÓŁKA AKCYJNA,MBR (MOBRUK)
249,MBW,MARIE BRIZARD WINE &amp;amp; SPIRITS,MBW (MBWS)
250,MCI,MCI CAPITAL SPÓŁKA AKCYJNA,MCI
251,MEDIACAP,MEDIACAP SPÓŁKA AKCYJNA,MCP (MEDIACAP)
252,MERCOR,MERCOR SPÓŁKA AKCYJNA,MCR (MERCOR)
253,MEDICALGORITHMICS,MEDICALGORITHMICS SPÓŁKA AKCYJNA,MDG (MEDICALG)
254,MDI,MDI ENERGIA SPÓŁKA AKCYJNA,MDI (MDIENERGIA)
255,MEGARON,MEGARON SPÓŁKA AKCYJNA,MEG (MEGARON)
256,MEX-POLSKA,MEX POLSKA SPÓŁKA AKCYJNA,MEX (MEXPOLSKA)
257,MFO,MFO SPÓŁKA AKCYJNA,MFO
258,MGT,MANGATA HOLDING SPÓŁKA AKCYJNA,MGT (MANGATA)
259,BANK-MILLENNIUM,BANK MILLENNIUM SPÓŁKA AKCYJNA,MIL (MILLENNIUM)
260,MIRACULUM,MIRACULUM SPÓŁKA AKCYJNA,MIR (MIRACULUM)
261,MLP-GROUP,MLP GROUP SPÓŁKA AKCYJNA,MLG (MLPGROUP)
262,MILKILAND,MILKILAND N.V.,MLK (MILKILAND)
263,MLS,ML SYSTEM SPÓŁKA AKCYJNA,MLS (MLSYSTEM)
264,MENNICA-POLSKA,MENNICA POLSKA SPÓŁKA AKCYJNA,MNC (MENNICA)
265,MOJ,MOJ SPÓŁKA AKCYJNA,MOJ
266,MOL-MAGYAR-OLAJ,MOL MAGYAR OLAJ - ES GAZIPARI NYILVANOSAN MUKODO RESZVENYTARSASAG,MOL
267,MONNARI-TRADE,MONNARI TRADE SPÓŁKA AKCYJNA,MON (MONNARI)
268,MPH,MASTER PHARM SPÓŁKA AKCYJNA,MPH (MASTERPHA)
269,MIRBUD,MIRBUD SPÓŁKA AKCYJNA,MRB (MIRBUD)
270,MERCATOR,MERCATOR MEDICAL SPÓŁKA AKCYJNA,MRC (MERCATOR)
271,MOSTOSTAL-PLOCK,MOSTOSTAL PŁOCK SPÓŁKA AKCYJNA,MSP (MOSTALPLC)
272,MOSTOSTAL-WARSZAWA,MOSTOSTAL WARSZAWA SPÓŁKA AKCYJNA,MSW (MOSTALWAR)
273,MOSTOSTAL-ZABRZE,MOSTOSTAL ZABRZE SPÓŁKA AKCYJNA,MSZ (MOSTALZAB)
274,MEDIATEL,MEDIATEL SPÓŁKA AKCYJNA,MTL (MEDIATEL)
275,MVP,MARVIPOL DEVELOPMENT SPÓŁKA AKCYJNA,MVP (MARVIPOL)
276,MW-TRADE,M.W. TRADE SPÓŁKA AKCYJNA,MWT (MWTRADE)
277,MXC,MAXCOM SPÓŁKA AKCYJNA,MXC (MAXCOM)
278,MUZA,MUZA SPÓŁKA AKCYJNA,MZA (MUZA)
279,MZN,MZN PROPERTY SPÓŁKA AKCYJNA,MZN (MORIZON)
280,NCT,NORTH COAST SPÓŁKA AKCYJNA,NCT (NORTCOAST)
281,NETMEDIA,NETMEDIA SPÓŁKA AKCYJNA,NEM (NETMEDIA)
282,NETIA,NETIA SPÓŁKA AKCYJNA,NET (NETIA)
283,NEUCA,NEUCA SPÓŁKA AKCYJNA,NEU (NEUCA)
284,NNG,NANOGROUP SPÓŁKA AKCYJNA,NNG (NANOGROUP)
285,NTT,NTT SYSTEM SPÓŁKA AKCYJNA,NTT (NTTSYSTEM)
286,NTU,AB NOVATURAS,NTU (NOVATURAS)
287,PANOVA,P.A. NOVA SPÓŁKA AKCYJNA,NVA (PANOVA)
288,NOVITA,NOVITA SPÓŁKA AKCYJNA,NVT (NOVITA)
289,NEWAG,NEWAG SPÓŁKA AKCYJNA,NWG (NEWAG)
290,NWR-NEW-WORLD-RESOURCES,NEW WORLD RESOURCES PLC,NWR (NEWWORLDR)
291,OAT,ONCOARENDI THERAPEUTICS SPÓŁKA AKCYJNA,OAT
292,ORZEL-BIALY,ORZEŁ BIAŁY SPÓŁKA AKCYJNA,OBL (ORZBIALY)
293,ODLEWNIE-POLSKIE,ODLEWNIE POLSKIE SPÓŁKA AKCYJNA,ODL (ODLEWNIE)
294,OEX,OEX SPÓŁKA AKCYJNA,OEX
295,OPEN-FINANCE,OPEN FINANCE SPÓŁKA AKCYJNA,OPF (OPENFIN)
296,ORCO-PROPERTY,ORCO PROPERTY GROUP SA,OPG (ORCOGROUP)
297,ORANGE,ORANGE POLSKA SPÓŁKA AKCYJNA,OPL (ORANGEPL)
298,OPTEAM,OPTEAM SPÓŁKA AKCYJNA,OPM (OPTEAM)
299,OPONEO-PL,OPONEO.PL SPÓŁKA AKCYJNA,OPN (OPONEO.PL)
300,ORBIS,ORBIS SPÓŁKA AKCYJNA,ORB (ORBIS)
301,ORION-INVESTMENT,ORION INVESTMENT SPÓŁKA AKCYJNA,ORN (ORION)
302,OTMUCHOW,ZAKŁADY PRZEMYSŁU CUKIERNICZEGO OTMUCHÓW SPÓŁKA AKCYJNA,OTM (OTMUCHOW)
303,OT-LOGISTICS,OT LOGISTICS SPÓŁKA AKCYJNA,OTS (OTLOG)
304,OVOSTAR,OVOSTAR UNION N.V.,OVO (OVOSTAR)
305,PATENTUS,PATENTUS SPÓŁKA AKCYJNA,PAT (PATENTUS)
306,PBS-FINANSE,PBS FINANSE SPÓŁKA AKCYJNA,PBF (PBSFINANSE)
307,PBG,PBG SPÓŁKA AKCYJNA,PBG
308,PEKABEX,POZNAŃSKA KORPORACJA BUDOWLANA PEKABEX SPÓŁKA AKCYJNA,PBX (PEKABEX)
309,POLICE,GRUPA AZOTY ZAKŁADY CHEMICZNE POLICE SPÓŁKA AKCYJNA,PCE (POLICE)
310,PC-GUARD,PC GUARD SPÓŁKA AKCYJNA,PCG (PCGUARD)
311,PRIME-CAR-MANAGEMENT,PRIME CAR MANAGEMENT SPÓŁKA AKCYJNA,PCM
312,ROKITA,PCC ROKITA SPÓŁKA AKCYJNA,PCR (PCCROKITA)
313,PCC-EXOL,PCC EXOL SPÓŁKA AKCYJNA,PCX (PCCEXOL)
314,PRAIRIE-MINING-LIMITED,PRAIRIE MINING LIMITED,PDZ (PRAIRIE)
315,PEM,PRIVATE EQUITY MANAGERS SPÓŁKA AKCYJNA,PEM (PEMANAGER)
316,PEKAO,BANK POLSKA KASA OPIEKI SPÓŁKA AKCYJNA,PEO (PEKAO)
317,POLENERGIA,POLENERGIA SPÓŁKA AKCYJNA,PEP
318,PEIXIN,PEIXIN INTERNATIONAL GROUP N.V.,PEX (PEIXIN)
319,PFLEIDERER-GRAJEWO,PFLEIDERER GROUP SPÓŁKA AKCYJNA,PFL (PFLEIDER)
320,PGE,PGE POLSKA GRUPA ENERGETYCZNA SPÓŁKA AKCYJNA,PGE
321,POINT-GROUP,PMPG POLSKIE MEDIA SPÓŁKA AKCYJNA,PGM (PMPG)
322,PGNIG,POLSKIE GÓRNICTWO NAFTOWE I GAZOWNICTWO SPÓŁKA AKCYJNA,PGN (PGNIG)
323,POLSKA-GRUPA-ODLEWNICZA,PGO SPÓŁKA AKCYJNA,PGO
324,POLSKI-HOLDING-NIERUCHOMOSCI,POLSKI HOLDING NIERUCHOMOŚCI SPÓŁKA AKCYJNA,PHN
325,PLATYNOWE-INWESTYCJE,PLATYNOWE INWESTYCJE SPÓŁKA AKCYJNA,PIW (PLATYNINW)
326,PROJPRZEM,PROJPRZEM MAKRUM SPÓŁKA AKCYJNA,PJP (PROJPRZEM)
327,PKN-ORLEN,POLSKI KONCERN NAFTOWY ORLEN SPÓŁKA AKCYJNA,PKN (PKNORLEN)
328,PKO,POWSZECHNA KASA OSZCZĘDNOŚCI BANK POLSKI SPÓŁKA AKCYJNA,PKO (PKOBP)
329,PKPCARGO,PKP CARGO SPÓŁKA AKCYJNA,PKP (PKPCARGO)
330,PLAYWAY,PLAYWAY SPÓŁKA AKCYJNA,PLW (PLAYWAY)
331,PLAST-BOX,PRZETWÓRSTWO TWORZYW SZTUCZNYCH PLAST-BOX SPÓŁKA AKCYJNA,PLX (PLASTBOX)
332,PLY,PLAY COMMUNICATIONS SPÓŁKA AKCYJNA,PLY (PLAY)
333,PLAZACNTR,PLAZA CENTERS N.V.,PLZ (PLAZACNTR)
334,PRIMA-MODA,PRIMA MODA SPÓŁKA AKCYJNA,PMA (PRIMAMODA)
335,PEMUG,PEMUG SPÓŁKA AKCYJNA,PMG (PEMUG)
336,PAMAPOL,PAMAPOL SPÓŁKA AKCYJNA,PMP (PAMAPOL)
337,POLNORD,POLNORD SPÓŁKA AKCYJNA,PND (POLNORD)
338,POZBUD,POZBUD T&amp;amp;R SPÓŁKA AKCYJNA,POZ (POZBUD)
339,PEPEES,PRZEDSIĘBIORSTWO PRZEMYSŁU SPOŻYWCZEGO PEPEES SPÓŁKA AKCYJNA,PPS (PEPEES)
340,PROCAD,PROCAD SPÓŁKA AKCYJNA,PRD (PROCAD)
341,PRAGMA-FAKTORING,PRAGMA FAKTORING SPÓŁKA AKCYJNA,PRF (PRAGMAFA)
342,PRAGMA-INKASO,PRAGMA INKASO SPÓŁKA AKCYJNA,PRI (PRAGMAINK)
343,PROCHEM,PROCHEM SPÓŁKA AKCYJNA,PRM (PROCHEM)
344,PROTEKTOR,PROTEKTOR SPÓŁKA AKCYJNA,PRT (PROTEKTOR)
345,PGS-SOFTWARE,PGS SOFTWARE SPÓŁKA AKCYJNA,PSW (PGSSOFT)
346,PRIMETECH,PRIMETECH SPÓŁKA AKCYJNA,PTH (PRIMETECH)
347,ZPUE,ZPUE SPÓŁKA AKCYJNA,PUE (ZPUE)
348,POLWAX,POLWAX SPÓŁKA AKCYJNA,PWX (POLWAX)
349,POLIMEX,POLIMEX - MOSTOSTAL SPÓŁKA AKCYJNA,PXM (POLIMEXMS)
350,PZU,POWSZECHNY ZAKŁAD UBEZPIECZEŃ SPÓŁKA AKCYJNA,PZU
351,QUMAK,QUMAK SPÓŁKA AKCYJNA,QMK (QUMAK)
352,QUANTUM-SOFTWARE,QUANTUM SOFTWARE SPÓŁKA AKCYJNA,QNT (QUANTUM)
353,QUERCUS,QUERCUS TOWARZYSTWO FUNDUSZY INWESTYCYJNYCH SPÓŁKA AKCYJNA,QRS (QUERCUS)
354,R22,R22 SPÓŁKA AKCYJNA,R22
355,RAFAMET,FABRYKA OBRABIAREK RAFAMET SPÓŁKA AKCYJNA,RAF (RAFAMET)
356,RUBICON-PARTNERS,RUBICON PARTNERS SPÓŁKA AKCYJNA,RBC (RUBICON)
357,RAINBOW-TOURS,RAINBOW TOURS SPÓŁKA AKCYJNA,RBW (RAINBOW)
358,RADPOL,RADPOL SPÓŁKA AKCYJNA,RDL (RADPOL)
359,REDAN,REDAN SPÓŁKA AKCYJNA,RDN (REDAN)
360,REGNON,REGNON SPÓŁKA AKCYJNA,REG (REGNON)
361,RES,RESBUD SE,RES (RESBUD)
362,RAFAKO,RAFAKO SPÓŁKA AKCYJNA,RFK (RAFAKO)
363,REINHOLD,REINHOLD EUROPE AB,RHD (REINHOLD)
364,RELPOL,RELPOL SPÓŁKA AKCYJNA,RLP (RELPOL)
365,REMAK,PRZEDSIĘBIORSTWO MODERNIZACJI URZĄDZEŃ ENERGETYCZNYCH REMAK SPÓŁKA AKCYJNA,RMK (REMAK)
366,RNC,REINO CAPITAL SPÓŁKA AKCYJNA,RNC (REINO)
367,RANK-PROGRESS,RANK PROGRESS SPÓŁKA AKCYJNA,RNK (RANKPROGR)
368,RONSON,RONSON EUROPE N.V.,RON (RONSON)
369,ROPCZYCE,ZAKŁADY MAGNEZYTOWE ROPCZYCE SPÓŁKA AKCYJNA,RPC (ROPCZYCE)
370,REDWOOD-HOLDING,REDWOOD HOLDING SPÓŁKA AKCYJNA,RWD (REDWOOD)
371,RAWLPLUG,RAWLPLUG SPÓŁKA AKCYJNA,RWL (RAWLPLUG)
372,SANTANDER,BANCO SANTANDER S.A.,SAN (SANTANDER)
373,SARE,SARE SPÓŁKA AKCYJNA,SAR (SARE)
374,SCO-PAK,SCO-PAK SPÓŁKA AKCYJNA,SCO (SCOPAK)
375,SEKO,SEKO SPÓŁKA AKCYJNA,SEK (SEKO)
376,SELENA-FM,SELENA FM SPÓŁKA AKCYJNA,SEL (SELENAFM)
377,SEN,SERINUS ENERGY INC.,SEN (SERINUS)
378,SESCOM,SESCOM SPÓŁKA AKCYJNA,SES (SESCOM)
379,SETANTA-FINANCE,SETANTA SPÓŁKA AKCYJNA,SET (SETANTA)
380,AS-SILVANO-FASHION,AS SILVANO FASHION GROUP,SFG (SILVANO)
381,SFINKS,SFINKS POLSKA SPÓŁKA AKCYJNA,SFS (SFINKS)
382,SYGNITY,SYGNITY SPÓŁKA AKCYJNA,SGN (SYGNITY)
383,SADOVAYA,SADOVAYA GROUP S.A.,SGR (SADOVAYA)
384,SOHO-DEVELOPMENT,SOHO DEVELOPMENT SPÓŁKA AKCYJNA,SHD (SOHODEV)
385,STARHEDGE,STARHEDGE SPÓŁKA AKCYJNA,SHG (STARHEDGE)
386,SNIEZKA,FABRYKA FARB I LAKIERÓW ŚNIEŻKA SPÓŁKA AKCYJNA,SKA (SNIEZKA)
387,SKARBIEC-HOLDING,SKARBIEC HOLDING SPÓLKA AKCYJNA,SKH (SKARBIEC)
388,SKYLINE-INVESTMENT,SKYLINE INVESTMENT SPÓŁKA AKCYJNA,SKL (SKYLINE)
389,SKOTAN,SKOTAN SPÓŁKA AKCYJNA,SKT (SKOTAN)
390,SELVITA,SELVITA SPÓŁKA AKCYJNA,SLV (SELVITA)
391,SLZ,SLEEPZ AG,SLZ (SLEEPZAG)
392,SIMPLE,SIMPLE SPÓŁKA AKCYJNA,SME (SIMPLE)
393,STOMIL-SANOK,SANOK RUBBER COMPANY SPÓŁKA AKCYJNA,SNK (SANOK)
394,SYNEKTIK,SYNEKTIK SPÓŁKA AKCYJNA,SNT (SYNEKTIK)
395,SANWIL-HOLDING,SANWIL HOLDING SPÓŁKA AKCYJNA,SNW (SANWIL)
396,SUNEX,SUNEX SPÓŁKA AKCYJNA,SNX (SUNEX)
397,SOLAR-COMPANY,SOLAR COMPANY SPÓŁKA AKCYJNA,SOL (SOLAR)
398,SONEL,SONEL SPÓŁKA AKCYJNA,SON (SONEL)
399,SP2,SANTANDER BANK POLSKA SPÓŁKA AKCYJNA akcje serii M,SP2 (SANPL2)
400,SOPHARMA,SOPHARMA AD,SPH (SOPHARMA)
401,SPL,SANTANDER BANK POLSKA SPÓŁKA AKCYJNA,SPL (SANPL)
402,STALPROFIL,STALPROFIL SPÓŁKA AKCYJNA,STF (STALPROFI)
403,STELMET,STELMET SPÓŁKA AKCYJNA,STL (STELMET)
404,STALPRODUKT,STALPRODUKT SPÓŁKA AKCYJNA,STP (STALPROD)
405,STALEXPORT-AUTOSTRADY,STALEXPORT AUTOSTRADY SPÓŁKA AKCYJNA,STX (STALEXP)
406,SUWARY,SUWARY SPÓŁKA AKCYJNA,SUW (SUWARY)
407,SVRS,"SILVAIR, INC.",SVRS (SILVAIR-REGS)
408,SWISSMED-CENTRUM-ZDROWIA,SWISSMED CENTRUM ZDROWIA SPÓŁKA AKCYJNA,SWD (SWISSMED)
409,SECO-WARWICK,SECO/WARWICK SPÓŁKA AKCYJNA,SWG (SECOGROUP)
410,TARCZYNSKI,TARCZYŃSKI SPÓŁKA AKCYJNA,TAR (TARCZYNSKI)
411,TBL,T-BULL SPÓŁKA AKCYJNA,TBL (TBULL)
412,TEN,TEN SQUARE GAMES SPÓŁKA AKCYJNA,TEN (TSGAMES)
413,TIM,TIM SPÓŁKA AKCYJNA,TIM
414,TALEX,TALEX SPÓŁKA AKCYJNA,TLX (TALEX)
415,TATRY-MOUNTAIN-RESORTS,TATRY MOUNTAIN RESORTS. A.S.,TMR (TATRY)
416,TNX,TALANX AKTIENGESELLSCHAFT,TNX (TALANX)
417,TOYA,TOYA SPÓŁKA AKCYJNA,TOA (TOYA)
418,TORPOL,TORPOL SPÓŁKA AKCYJNA,TOR (TORPOL)
419,TOWERINV,TOWER INVESTMENTS SPÓŁKA AKCYJNA,TOW (TOWERINVT)
420,TAURON,TAURON POLSKA ENERGIA SPÓŁKA AKCYJNA,TPE (TAURONPE)
421,TRITON-DEVELOPMENT,TRITON DEVELOPMENT SPÓŁKA AKCYJNA,TRI (TRITON)
422,TRAKCJA,TRAKCJA PRKII SPÓŁKA AKCYJNA,TRK (TRAKCJA)
423,TRANS-POLONIA,TRANS POLONIA SPÓŁKA AKCYJNA,TRN (TRANSPOL)
424,TERMO-REX,TERMO-REX SPÓŁKA AKCYJNA,TRR (TERMOREX)
425,TESGAS,TESGAS SPÓŁKA AKCYJNA,TSG (TESGAS)
426,TXM,TXM SPÓŁKA AKCYJNA,TXM
427,UNIMA-2000,UNIMA 2000 SYSTEMY TELEINFORMATYCZNE SPÓŁKA AKCYJNA,U2K (UNIMA)
428,UNICREDIT,UNICREDIT S.P.A.,UCG (UNICREDIT)
429,ULMA-CONSTRUCCION,ULMA CONSTRUCCION POLSKA SPÓŁKA AKCYJNA,ULM (ULMA)
430,UNIBEP,UNIBEP SPÓŁKA AKCYJNA,UNI (UNIBEP)
431,UNIMOT-GAZ,UNIMOT SPÓŁKA AKCYJNA,UNT (UNIMOT)
432,URSUS,URSUS SPÓŁKA AKCYJNA,URS (URSUS)
433,VIGO-SYSTEM,VIGO SYSTEM SPÓŁKA AKCYJNA,VGO (VIGOSYS)
434,VINDEXUS,GIEŁDA PRAW MAJĄTKOWYCH VINDEXUS SPÓŁKA AKCYJNA,VIN (VINDEXUS)
435,VOTUM,VOTUM SPÓŁKA AKCYJNA,VOT (VOTUM)
436,VOXEL,VOXEL SPÓŁKA AKCYJNA,VOX (VOXEL)
437,VISTULA,VISTULA RETAIL GROUP SPÓŁKA AKCYJNA,VST (VISTULA)
438,VANTAGE-DEVELOPMENT,VANTAGE DEVELOPMENT SPÓŁKA AKCYJNA,VTG (VANTAGE)
439,VENTURE-INCUBATOR,VENTURE INCUBATOR SPÓŁKA AKCYJNA,VTI (VENTUREIN)
440,VISTAL,VISTAL GDYNIA SPÓŁKA AKCYJNA,VTL (VISTAL)
441,VIVID-GAMES,VIVID GAMES SPÓŁKA AKCYJNA,VVD (VIVID)
442,WASKO,WASKO SPÓŁKA AKCYJNA,WAS (WASKO)
443,WADEX,PRZEDSIĘBIORSTWO PRODUKCYJNO HANDLOWE WADEX SPÓŁKA AKCYJNA,WAX (WADEX)
444,WIKANA,WIKANA SPÓŁKA AKCYJNA,WIK (WIKANA)
445,WIS,BALTIC BRIDGE SPÓŁKA AKCYJNA,WIS (WINVEST)
446,WILBO,WILBO SPÓŁKA AKCYJNA,WLB (WILBO)
447,WIELTON,WIELTON SPÓŁKA AKCYJNA,WLT (WIELTON)
448,WOJAS,WOJAS SPÓŁKA AKCYJNA,WOJ (WOJAS)
449,WIRTUALNA-POLSKA,WIRTUALNA POLSKA HOLDING SPÓŁKA AKCYJNA,WPL (WIRTUALNA)
450,WORK-SERVICE,WORK SERVICE SPÓŁKA AKCYJNA,WSE (WORKSERV)
451,WTN,WITTCHEN SPÓŁKA AKCYJNA,WTN (WITTCHEN)
452,WAWEL,WAWEL SPÓŁKA AKCYJNA,WWL (WAWEL)
453,WARIMPEX,WARIMPEX FINANZ- UND BETEILIGUNGS AG,WXF (WARIMPEX)
454,XTB,X-TRADE BROKERS DOM MAKLERSKI SPÓŁKA AKCYJNA,XTB
455,XTP,XTPL SPÓŁKA AKCYJNA,XTP (XTPL)
456,YOLO,YOLO SPÓŁKA AKCYJNA,YOL (YOLO)
457,ZAKLADY-AZOTOWE-PULAWY,GRUPA AZOTY ZAKŁADY AZOTOWE PUŁAWY SPÓŁKA AKCYJNA,ZAP (PULAWY)
458,ZEPAK,ZESPÓŁ ELEKTROWNI PĄTNÓW-ADAMÓW-KONIN SPÓŁKA AKCYJNA,ZEP (ZEPAK)
459,ZAMET-INDUSTRY,ZAMET INDUSTRY SPÓŁKA AKCYJNA,ZMT (ZAMET)
460,ZREMB-CHOJNICE,ZAKŁAD BUDOWY MASZYN ZREMB-CHOJNICE SPÓŁKA AKCYJNA,ZRE (ZREMB)
461,ZASTAL,ZASTAL SPÓŁKA AKCYJNA,ZST (ZASTAL)
462,ZUE,ZUE SPÓŁKA AKCYJNA,ZUE
463,STAPORKOW,ZAKŁADY URZĄDZEŃ KOTŁOWYCH STĄPORKÓW SPÓŁKA AKCYJNA,ZUK (STAPORKOW)
464,ZYWIEC,GRUPA ŻYWIEC SPÓŁKA AKCYJNA,ZWC (ZYWIEC)
465,01CYBERATON,01CYBERATON SPÓŁKA AKCYJNA,01C (01CYBATON)
466,2C-PARTNERS,2C PARTNERS SPÓŁKA AKCYJNA,2CP (2CPARTNER)
467,2INTELLECT-COM,2INTELLECT.COM SPÓŁKA AKCYJNA,2IT (2INTELLECT)
468,4MOBILITY,4MOBILITY SPÓŁKA AKCYJNA,4MB (4MOBILITY)
469,4MS,4MASS SPÓŁKA AKCYJNA,4MS (4MASS)
470,5TH-AVENUE-HOLDING,5TH AVENUE HOLDING SPÓŁKA AKCYJNA,5AH (5THAVENUE)
471,7FT,7FIT SPÓŁKA AKCYJNA,7FT (7FIT)
472,7LV,7LEVELS SPÓŁKA AKCYJNA,7LV (7LEVELS)
473,ABAK,ABAK SPÓŁKA AKCYJNA,ABK (ABAK)
474,ACARTUS,ACARTUS SPÓŁKA AKCYJNA,ACA (ACARTUS)
475,ACK,ACKERMAN SPÓŁKA AKCYJNA,ACK (ACKERMAN)
476,ACR,ACREBIT SPÓŁKA AKCYJNA,ACR (ACREBIT)
477,AERFINANCE-PLC,AERFINANCE SE,AER (AERFINANC)
478,AKCEPT-FINANCE,AKCEPT FINANCE SPÓŁKA AKCYJNA,AFC (AKCEPTFIN)
479,AFORTI-HOLDING,AFORTI HOLDING SPÓŁKA AKCYJNA,AFH (AFHOL)
480,AGROLIGA-GROUP,AGROLIGA GROUP PLC,AGL (AGROLIGA)
481,AGROMEP,AGROMEP SPÓŁKA AKCYJNA,AGP (AGROMEP)
482,ABS-INVESTMENT,ABS INVESTMENT SPÓŁKA AKCYJNA,AIN (ABSINVEST)
483,AITON-CALDWELL,AITON CALDWELL SPÓŁKA AKCYJNA,AIT (AITON)
484,ALDA,ALDA SPÓŁKA AKCYJNA,ALD (ALDA)
485,ALEJASAMOCHODOWA-PL,ALEJASAMOCHODOWA.PL SPÓŁKA AKCYJNA,ALS (ALEJA)
486,ALUMAST,ALUMAST SPÓŁKA AKCYJNA,ALU (ALUMAST)
487,ANALIZY-ONLINE,ANALIZY ONLINE SPÓŁKA AKCYJNA,AOL (ANALIZY)
488,APANET,APANET SPÓŁKA AKCYJNA,APA (APANET)
489,APC,APOLLO CAPITAL SPÓŁKA AKCYJNA,APC (APOLLO)
490,APS,AUTOMATYKA-POMIARY-STEROWANIE SPÓŁKA AKCYJNA,APS
491,AQUA,AQUA SPÓŁKA AKCYJNA W POZNANIU,AQA (AQUAPOZ)
492,AQT,AQUATECH SPÓŁKA AKCYJNA,AQT (AQUATECH)
493,AQUA-BIELSKO-BIALA,AQUA SPÓŁKA AKCYJNA W BIELSKU-BIAŁEJ,AQU (AQUABB)
494,ARAMUS,ARAMUS SPÓŁKA AKCYJNA,ARA (ARAMUS)
495,ARE,ARENA.PL SPÓŁKA AKCYJNA,ARE (ARENAPL)
496,AGENCJA-ROZWOJU-INNOWACJI,AGENCJA ROZWOJU INNOWACJI SPÓLKA AKCYJNA,ARI
497,ARK,ARK ROYAL SPÓŁKA AKCYJNA,ARK (ARKROYAL)
498,ARRINERA,ARRINERA SPÓŁKA AKCYJNA,ARX (ARRINERA)
499,APIS,APIS SPÓŁKA AKCYJNA,ASA (APIS)
500,AUTO-SPA,AUTO - SPA SPÓŁKA AKCYJNA,ASP (AUTOSPA)
501,ASTRO,ASTRO SPÓŁKA AKCYJNA,ASR (ASTRO)
502,ASSETUS,ASSETUS SPÓŁKA AKCYJNA,ASS (ASSETUS)
503,ATC-CARGO,ATC CARGO SPÓŁKA AKCYJNA,ATA (ATCCARGO)
504,ATON-HT,ATON-HT SPÓŁKA AKCYJNA,ATO (ATONHT)
505,AUX,AUXILIA SPÓŁKA AKCYJNA,AUX (AUXILIA)
506,ADVERTIGO,ADVERTIGO SPÓŁKA AKCYJNA,AVE (ADVERTIGO)
507,AZTEC-INTERNATIONAL,AZTEC INTERNATIONAL SPÓŁKA AKCYJNA,AZC (AZTEC)
508,B24,BRAND 24 SPÓŁKA AKCYJNA,B24 (BRAND24)
509,BBA,BESKIDZKIE BIURO INWESTYCYJNE SPÓŁKA AKCYJNA,BBA (BBINWEST)
510,BROAD-GATE,BROAD GATE SPÓŁKA AKCYJNA,BDG (BROADGATE)
511,BIOMASS-ENERGY-PROJECT,BIOMASS ENERGY PROJECT SPÓŁKA AKCYJNA,BEP (BIOMASS)
512,BIOERG,BIOERG SPÓŁKA AKCYJNA,BER (BIOERG)
513,BIOFACTORY,BIOFACTORY SPÓŁKA AKCYJNA,BFC (BIOFACTOR)
514,BIOGENED,BIOGENED SPÓŁKA AKCYJNA,BGD (BIOGENED)
515,BINARY-HELIX,BINARY HELIX SPÓŁKA AKCYJNA,BHX (BINARY)
516,BIO-PLANET,BIO PLANET SPÓŁKĄ AKCYJNA,BIP (BIOPLANET)
517,BIT,BIT EVIL SPÓŁKA AKCYJNA,BIT (BITEVIL)
518,BLOOBER-TEAM,BLOOBER TEAM SPÓŁKA AKCYJNA,BLO (BLOOBER)
519,BLIRT,BLIRT SPÓŁKA AKCYJNA,BLR (BLIRT)
520,BALTICON,BALTICON SPÓŁKA AKCYJNA,BLT (BALTICON)
521,BLUMERANG-INVESTORS,BLUMERANG INVESTORS SPÓŁKA AKCYJNA,BLU (BLUMERANG)
522,BIOMAXIMA,BIOMAXIMA SPÓŁKA AKCYJNA,BMX (BIOMAXIMA)
523,BOA,BOA SPÓŁKA AKCYJNA,BOA
524,BLACK-PEARL-CAPITAL,BLACK PEARL SPÓŁKA AKCYJNA,BPC
525,BLACK-POINT,BLACK POINT SPÓŁKA AKCYJNA,BPN (BLACKPOIN)
526,BPX,BPX SPÓŁKA AKCYJNA,BPX
527,BROWAR-GONTYNIEC,BROWAR GONTYNIEC SPÓŁKA AKCYJNA,BRO (CZARNKOW)
528,BORUTA,BORUTA-ZACHEM SPÓŁKA AKCYJNA,BRU (BORUTA)
529,BRAS,BRAS SPÓŁKA AKCYJNA,BSA (BRAS)
530,BLUE-TAX-GROUP,BLUE TAX GROUP SPÓŁKA AKCYJNA,BTG (BLUETAX)
531,BTK,BIZTECH KONSULTING SPÓŁKA AKCYJNA,BTK (BIZTECH)
532,BTX,FORBUILD SPÓŁKA AKCYJNA,BTX (BETOMAX)
533,BVT,BVT SPÓŁKA AKCYJNA,BVT
534,CAM,CAMBRIDGE CHOCOLATE SPÓŁKA AKCYJNA,CAM (CAMBRIDGE)
535,CYFROWE-CENTRUM-SERWISOWE,CYFROWE CENTRUM SERWISOWE SPÓŁKA AKCYJNA,CCS
536,CALL-CENTER-TOOLS,CALL CENTER TOOLS SPÓŁKA AKCYJNA,CCT (CCTOOLS)
537,CFG,CREATIVEFORGE GAMES SPÓŁKA AKCYJNA,CFG
538,CFS,CENTRUM FINANSOWE SPÓŁKA AKCYJNA,CFS (CFSA)
539,CHP,CHERRYPICK GAMES SPÓŁKA AKCYJNA,CHP (CHERRY)
540,COLUMBUS-CAPITAL,COLUMBUS ENERGY SPÓŁKA AKCYJNA,CLC (COLUMBUS)
541,CLOUD-TECHNOLOGIES,CLOUD TECHNOLOGIES SPÓŁKA AKCYJNA,CLD (CLOUD)
542,CALESCO,CALESCO SPÓŁKA AKCYJNA,CLS (CALESCO)
543,COMECO,COMECO SPÓŁKA AKCYJNA,CMC (COMECO)
544,COMPRESS,COMPRESS SPÓŁKA AKCYJNA,COM (COMPRESS)
545,CORELENS,CORELENS SPÓŁKA AKCYJNA,COR (CORELENS)
546,CRJ,CREEPY JAR SPÓŁKA AKCYJNA,CRJ (CREEPYJAR)
547,CEREAL-PLANET,CEREAL PLANET PLC,CRP (CEREALPLT)
548,COPERNICUS-SECURITIES,COPERNICUS SECURITIES SPÓŁKA AKCYJNA,CRS (COPERNIC)
549,CASPAR-ASSET-MANAGEMENT,CASPAR ASSET MANAGEMENT SPÓŁKA AKCYJNA,CSR (CASPAR)
550,CSY,CSY SPÓŁKA AKCYJNA,CSY
551,CTE,CENOSPHERES TRADE &amp;amp; ENGINEERING SPÓŁKA AKCYJNA,CTE
552,CENTURION-FINANCE,CENTURION FINANCE SPÓŁKA AKCYJNA,CTF (CENTURION)
553,CWA,CWA SPÓŁKA AKCYJNA,CWA
554,CWP,CENTRUM WSPIERANIA PROJEKTÓW EUROPEJSKICH SPÓŁKA AKCYJNA,CWP (CWPE)
555,CZK,CIASTECZKA Z KRAKOWA SPÓŁKA AKCYJNA,CZK (CIASTZKRA)
556,DENT-A-MEDICAL,DENT-A-MEDICAL SPÓŁKA AKCYJNA,DAM (DENTAMDC)
557,DCD,DOLNOŚLĄSKIE CENTRUM DEVELOPERSKIE SPÓŁKA AKCYJNA,DCD
558,DEVORAN,DEVORAN SPÓŁKA AKCYJNA,DEV (DEVORAN)
559,DIGITAL-AVENUE,DIGITAL AVENUE SPÓŁKA AKCYJNA,DGL (DIGITAL)
560,DIN,DAMF INWESTYCJE SPÓŁKA AKCYJNA,DIN (DAMFINW)
561,DEKTRA,DEKTRA SPÓŁKA AKCYJNA,DKR (DEKTRA)
562,DOM-LEKARSKI,DOM LEKARSKI SPÓŁKA AKCYJNA,DLK (DOMLEK)
563,DANKS,DANKS EUROPEJSKIE CENTRUM DORADZTWA PODATKOWEGO SPÓŁKA AKCYJNA,DNS (DANKS)
564,DOK,DOOK SPÓŁKA AKCYJNA,DOK (DOOK)
565,DRF,DR.FINANCE SPÓŁKA AKCYJNA,DRF (DRFINANCE)
566,EBC-SOLICITORS,EBC SOLICITORS SPÓŁKA AKCYJNA,EBC
567,EKOBOX,EKOBOX SPÓŁKA AKCYJNA,EBX (EKOBOX)
568,EC2,EC2 SPÓŁKA AKCYJNA,EC2
569,ECA,UHY ECA SPÓŁKA AKCYJNA,ECA (UHYECA)
570,ECC,ECC GAMES SPÓŁKA AKCYJNA,ECC (ECCGAMES)
571,EUROSNACK,EUROSNACK SPÓŁKA AKCYJNA,ECK (EUROSNACK)
572,EASYCALL-PL,EASYCALL.PL SPÓŁKA AKCYJNA,ECL (EASYCALL)
573,ELECTROCERAMICS,ELECTROCERAMICS SPÓŁKA AKCYJNA,ECR (ECERAMICS)
574,EDISON-SPOLKA,EDISON SPÓŁKA AKCYJNA,EDN (EDISON)
575,EUROPEJSKI-FUNDUSZ-ENERGII,EUROPEJSKI FUNDUSZ ENERGII SPÓŁKA AKCYJNA,EFE (EFENERGII)
576,EFIX,EFIX DOM MAKLERSKI SPÓŁKA AKCYJNA,EFX (EFIXDM)
577,EKOPOL,EKOPOL GÓRNOŚLĄSKI HOLDING SPÓŁKA AKCYJNA,EGH (EKOPOL)
578,E-KIOSK,E-KIOSK SPÓŁKA AKCYJNA,EKS (EKIOSK)
579,ELEKTROMONT,ELEKTROMONT SPÓŁKA AKCYJNA,ELM (EMONT)
580,ELQ,ELQ SPÓŁKA AKCYJNA,ELQ
581,EMMERSON,EMMERSON REALTY SPÓŁKA AKCYJNA,EMM (EMMERSON)
582,E-MUZYKA,E-MUZYKA SPÓŁKA AKCYJNA,EMU (EMUZYKA)
583,EO-NETWORKS,EO NETWORKS SPÓŁKA AKCYJNA,EON (EONET)
584,EPR,PRZEDSIĘBIORSTWO ROBÓT INSTALACYJNYCH EKOPARK SPÓŁKA AKCYJNA,EPR (EKOPARK)
585,ERNE,ERNE VENTURES SPÓŁKA AKCYJNA,ERN (ERNE)
586,EUROSYSTEM,EUROSYSTEM SPÓŁKA AKCYJNA,ERS
587,EASTSIDECAPITAL,EASTSIDECAPITAL SPÓŁKA AKCYJNA,ESC (EASTSIDE)
588,ESKIMOS,ESKIMOS SPÓŁKA AKCYJNA,ESK (ESKIMOS)
589,EURO-TAX-PL,EURO-TAX.PL SPÓŁKA AKCYJNA,ETX (EUROTAX)
590,EXAMOBILE,EXAMOBILE SPÓŁKA AKCYJNA,EXA (EXAMOBILE)
591,EXCELLENCE,EXCELLENCE SPÓŁKA AKCYJNA,EXC (EXCELLENC)
592,THE-FARM-51-GROUP,THE FARM 51 GROUP SPÓŁKA AKCYJNA,F51 (FARM51)
593,FACHOWCY-PL-VENTURES,FACHOWCY.PL VENTURES SPÓŁKA AKCYJNA,FAV (FACHOWCY)
594,FDG,FAT DOG GAMES SPÓŁKA AKCYJNA,FDG (FDGAMES)
595,FUNDUSZ-HIPOTECZNY-DOM,FUNDUSZ HIPOTECZNY DOM SPÓŁKA AKCYJNA,FHD (FHDOM)
596,FABRYKA-KONSTRUKCJI-DREWNIANYCH,FABRYKA KONSTRUKCJI DREWNIANYCH SPÓŁKA AKCYJNA,FKD (FABRYKAKD)
597,FLUID,FLUID SPÓŁKA AKCYJNA,FLD (FLUID)
598,FOREVER-ENTERTAINMENT,FOREVER ENTERTAINMENT SPÓŁKA AKCYJNA,FOR (FOREVEREN)
599,FORPOSTA,FORPOSTA SPÓŁKA AKCYJNA,FPO (FORPOSTA)
600,FTH,FINTECH SPÓŁKA AKCYJNA,FTH (FINTECH)
601,FTI,FTI PROFIT SPÓŁKA AKCYJNA,FTI (FTIPROFIT)
602,FITEN,FITEN SPÓŁKA AKCYJNA,FTN (FITEN)
603,GALVO,GALVO SPÓŁKA AKCYJNA,GAL (GALVO)
604,GRUPAEMM,GRUPA EMMERSON SPÓŁKA AKCYJNA,GEM (GRUPAEMM)
605,GENOMED,GENOMED SPÓŁKA AKCYJNA,GEN (GENOMED)
606,GKS-GIEKSA-KATOWICE,GKS GIEKSA KATOWICE SPÓŁKA AKCYJNA,GKS (GKSKAT)
607,GLG-PHARMA,GLG PHARMA SPÓŁKA AKCYJNA,GLG (GLGPHARMA)
608,GME,GREMI MEDIA SPÓŁKA AKCYJNA,GME (GRMEDIA)
609,G-ENERGY,G-ENERGY SPÓŁKA AKCYJNA,GNG (GENRG)
610,GOLAB,GOLAB SPÓŁKA AKCYJNA,GOL (GOLAB)
611,GOV,GOVENA LIGHTING SPÓŁKA AKCYJNA,GOV (GOVENA)
612,GPPI,GPPI SPÓŁKA AKCYJNA,GPP (GPPI)
613,GRUPA-RECYKL,GRUPA RECYKL SPÓŁKA AKCYJNA,GRC (GRUPAREC)
614,GRE,MVA GREEN ENERGY SPÓŁKA AKCYJNA,GRE (GREENENER)
615,GREMPCO,GREMPCO SPÓŁKA AKCYJNA,GRM (GREMPCO)
616,GO-TFI,GO TOWARZYSTWO FUNDUSZY INWESTYCYJNYCH SPÓŁKA AKCYJNA,GTF (GOTFI)
617,GEOTREKK,GEOTREKK SPÓŁKA AKCYJNA,GTK (GEOTREKK)
618,GEO-TERM,GEO-TERM POLSKA SPÓŁKA AKCYJNA,GTP (GEOTERM)
619,GTS,GEOTRANS SPÓŁKA AKCYJNA,GTS (GEOTRANS)
620,GRUPA-TRINITY,GRUPA TRINITY SPÓŁKA AKCYJNA,GTY (GTRINITY)
621,GWARANT,GWARANT AGENCJA OCHRONY SPÓŁKA AKCYJNA,GWR (GWARANT)
622,HBG,HUCKLEBERRY GAMES SPÓŁKA AKCYJNA,HBG (HGAMES)
623,HEFAL-SERWIS,HEFAL SERWIS SPÓŁKA AKCYJNA,HEF (HEFAL)
624,HM-INWEST,HM INWEST SPÓŁKA AKCYJNA,HMI (HMINWEST)
625,HORTICO,HORTICO SPÓŁKA AKCYJNA,HOR (HORTICO)
626,HOTBLOK,HOTBLOK SPÓŁKA AKCYJNA,HOT (HOTBLOK)
627,HYDRAPRES,HYDRAPRES SPÓŁKA AKCYJNA,HPS (HYDRAPRES)
628,GRUPA-HRC,GRUPA HRC SPÓŁKA AKCYJNA,HRC (GRUPAHRC)
629,HRL,HORNIGOLD REIT SPÓŁKA AKCYJNA,HRL (HORNIGOLD)
630,HURTIMEX,HURTIMEX SPÓŁKA AKCYJNA,HRT (HURTIMEX)
631,IBC-POLSKA,IBC POLSKA F&amp;P SPÓŁKA AKCYJNA,IBC (IBCPOLSKA)
632,INCANA,INCANA SPÓŁKA AKCYJNA,ICA (INCANA)
633,INTERCAPITAL-PROPERTY-DEVELOPMENT,INTERCAPITAL PROPERTY DEVELOPMENT ADSIC,ICD (ICPD)
634,ICE,MEDINICE SPÓŁKA AKCYJNA,ICE (MEDINICE)
635,ICP-GROUP,ICP GROUP SPÓŁKA AKCYJNA,ICP (ICPGROUP)
636,IDH,IDH SPÓŁKA AKCYJNA,IDH
637,IFUN4ALL,IFUN4ALL SPÓŁKA AKCYJNA,IF4 (IFUN4ALL)
638,INFRA,INFRA SPÓŁKA AKCYJNA,IFA (INFRA)
639,INVESTMENT-FUND-MANAGERS,INVESTMENT FUND MANAGERS SPÓŁKA AKCYJNA,IFM
640,INNO-GENE,INNO-GENE SPÓŁKA AKCYJNA,IGN (INNOGENE)
641,IGORIA-TRADE,IGORIA TRADE SPÓŁKA AKCYJNA,IGT (IGORIA)
642,IMAGIS,IMAGIS SPÓŁKA AKCYJNA,IMG (IMAGIS)
643,INBOOK,INBOOK SPÓŁKA AKCYJNA,INB (INBOOK)
644,INVENTIONMED,INVENTIONMED SPÓŁKA AKCYJNA,INM (INVENTION)
645,INS,INDOS SPÓŁKA AKCYJNA,INS (INDOS)
646,NTERNITY-SPOLKA,INTERNITY SPÓŁKA AKCYJNA,INT (INTERNITY)
647,INWESTYCJE-PL,INWESTYCJE.PL SPÓŁKA AKCYJNA,INW (INWESTPL)
648,IPO-DORADZTWO-STRATEGICZNE,IPO DORADZTWO KAPITAŁOWE SPÓŁKA AKCYJNA,IOD (IPODS)
649,ISG,INSTYTUT SZKOLEŃ I ANALIZ GOSPODARCZYCH SPÓŁKA AKCYJNA,ISG (ISIAG)
650,INFOSCAN,INFOSCAN SPÓŁKA AKCYJNA,IST (INFOSCAN)
651,INTELIWISE,INTELIWISE SPÓŁKA AKCYJNA,ITL (INTELIWIS)
652,INTERNET-UNION,INTERNET UNION SPÓŁKA AKCYJNA,IUS (IU)
653,INVESTEKO,INVESTEKO SPÓŁKA AKCYJNA,IVE (INVESTEKO)
654,JJB,JUJUBEE SPÓŁKA AKCYJNA,JJB (JUJUBEE)
655,JR-INVEST,JR HOLDING SPÓŁKA AKCYJNA,JRH (JRHOLDING)
656,JWA,JWA SPÓŁKA AKCYJNA,JWA
657,KBJ,KBJ SPÓŁKA AKCYJNA,KBJ
658,KOFAMA,KOFAMA KOZLE SPÓŁKA AKCYJNA,KFM (KOFAMA)
659,KLEBA-INVEST,KLEBA INVEST SPÓŁKA AKCYJNA,KIN (KLEBAINV)
660,KK-HERBAL-POLAND,K&amp;K HERBAL POLAND SPÓŁKA AKCYJNA,KKH (KKHERBAL)
661,KLON,KLON SPÓŁKA AKCYJNA,KLN (KLON)
662,KANCELARIA-MEDIUS,KANCELARIA MEDIUS SPÓŁKA AKCYJNA,KME
663,KORBANK,KORBANK SPÓŁKA AKCYJNA,KOR (KORBANK)
664,KUPIEC,KUPIEC SPÓŁKA AKCYJNA,KPC (KUPIEC)
665,KPI,KANCELARIA PRAWNA - INKASO WEC SPÓŁKA AKCYJNA,KPI (KANCELWEC)
666,LANGLOO-COM-SPOLKA,LANGLOO.COM SPÓŁKA AKCYJNA,LAN (LANGLOO)
667,LOKATY-BUDOWLANE,LOKATY BUDOWLANE SPÓŁKA AKCYJNA,LBD (LOKATYBUD)
668,LETUS-CAPITAL,LETUS CAPITAL SPÓŁKA AKCYJNA,LET (LETUS)
669,LOGINTRAD,LOGINTRADE SPÓŁKA AKCYJNA,LGT (LGTRADE)
670,LKS,LK DESIGNER SHOPS SPÓŁKA AKCYJNA,LKS (LKDESIGN)
671,LAUREN-PESO,LAUREN PESO POLSKA SPÓŁKA AKCYJNA,LPS (LAURENPES)
672,LSH,MODULE TECHNOLOGIES SPÓŁKA AKCYJNA,LSH (LSTECHHOM)
673,LUG,LUG SPÓŁKA AKCYJNA,LUG
674,LUKARDI,LUKARDI SPÓŁKA AKCYJNA,LUK (LUKARDI)
675,M4B,M4B SPÓŁKA AKCYJNA,M4B
676,MADKOM,MADKOM SPÓŁKA AKCYJNA,MAD (MADKOM)
677,MARSOFT,MARSOFT SPÓŁKA AKCYJNA,MAR (MARSOFT)
678,MAXIMUS,MAXIMUS SPÓŁKA AKCYJNA,MAX (MAXIMUS)
679,MBF-GROUP,MBF GROUP SPÓŁKA AKCYJNA,MBF (MBFGROUP)
680,MODERNCOM,MODERN COMMERCE SPÓŁKA AKCYJNA,MCE (MODERNCOM)
681,MEDAPP,MEDAPP SPÓŁKA AKCYJNA,MDA (MEDAPP)
682,MEDIAN-POLSKA,MEDIAN POLSKA SPÓŁKA AKCYJNA,MDN (MEDIANPOL)
683,MEDCAMP,MEDCAMP SPÓŁKA AKCYJNA,MDP (MEDCAMP)
684,MERIT-INVEST,MERIT INVEST SPÓŁKA AKCYJNA,MEI (MERIT)
685,MERA,MERA SPÓŁKA AKCYJNA,MER (MERA)
686,M-FOOD,M FOOD SPÓŁKA AKCYJNA,MFD (MFOOD)
687,MEGA-SONIC,MEGA SONIC SPÓŁKA AKCYJNA,MGA (MEGASONIC)
688,MGC,MED-GALICJA SPÓŁKA AKCYJNA,MGC (MEDGALIC)
689,MID,ARTS ALLIANCE GK SPÓŁKA AKCYJNA,MID (MIDVEN)
690,MAKOLAB,MAKOLAB SPÓŁKA AKCYJNA,MLB (MAKOLAB)
691,MILKPOL,MILKPOL SPÓŁKA AKCYJNA,MLP (MILKPOL)
692,MALKOWSKI-MARTECH,MAŁKOWSKI-MARTECH SPÓŁKA AKCYJNA,MMA (MALKOWSKI)
693,MM-CONFERENCES,MM CONFERENCES SPÓŁKA AKCYJNA,MMC (MMCPL)
694,MILESTONE,MILESTONE MEDICAL. INC.,MMD (MILESTONE)
695,MOBIMEDIA,MOBIMEDIA SOLUTION SPÓŁKA AKCYJNA,MMS (MOBIMEDIA)
696,MINERAL-MIDRANGE,MINERAL MIDRANGE SPÓŁKA AKCYJNA,MND (MINERAL)
697,MENNICA-SKARBOWA,MENNICA SKARBOWA SPÓŁKA AKCYJNA,MNS (MENNICASK)
698,MINOX,MINOX SPÓŁKA AKCYJNA,MNX (MINOX)
699,MODE,MODE SPÓŁKA AKCYJNA,MOE (MODE)
700,MOV,MOVIE GAMES,MOV (MOVIEGAMES)
701,MPAY,MPAY SPÓŁKA AKCYJNA,MPY (MPAY)
702,MRD,MEDARD SPÓŁKA AKCYJNA,MRD (MEDARD)
703,MRG,MERLIN GROUP SPÓŁKA AKCYJNA,MRG (MERLINGRP)
704,MR-HAMBURGER,MR HAMBURGER SPÓŁKA AKCYJNA,MRH (HAMBURGER)
705,MARKA,MARKA SPÓŁKA AKCYJNA,MRK (MARKA)
706,METROPOLIS,METROPOLIS SPÓŁKA AKCYJNA,MRS (METROPOLIS)
707,MOTORICUS,MOTORICUS SPÓŁKA AKCYJNA,MTR (MOTORICUS)
708,MTS,M-TRANS SPÓŁKA AKCYJNA,MTS (MTRANS)
709,MAXIPIZZA,MAXIPIZZA SPÓŁKA AKCYJNA,MXP (MAXIPIZZA)
710,NOWOCZESNA-FIRMA,NOWOCZESNA FIRMA SPÓŁKA AKCYJNA,NFP (NFPL)
711,NOVINA,NOVINA SPÓŁKA AKCYJNA,NOV (NOVINA)
712,NST,NESTMEDIC SPÓŁKA AKCYJNA,NST (NESTMEDIC)
713,NOTORIA-SERWIS,NOTORIA SERWIS SPÓŁKA AKCYJNA,NTS (NOTORIA)
714,NETWISE,NETWISE SPÓŁKA AKCYJNA,NTW (NETWISE)
715,NOVAVIS,NOVAVIS SPÓŁKA AKCYJNA,NVV (NOVAVIS)
716,NWAI-DOM-MAKLERSKI,NWAI DOM MAKLERSKI SPÓŁKA AKCYJNA,NWA (NWAI)
717,NXB,NEXTBIKE POLSKA SPÓŁKA AKCYJNA,NXB (NEXTBIKE)
718,OML,ONE MORE LEVEL SPÓŁKA AKCYJNA,OML (ONEMORE)
719,ONICO,ONICO SPÓŁKA AKCYJNA,ONC (ONICO)
720,OPTIZEN-LABS,OPTIZEN LABS SPÓŁKA AKCYJNA,OPT (OPTIZENLB)
721,ORGANIC-FARMA-ZDROWIA,ORGANIC FARMA ZDROWIA SPÓŁKA AKCYJNA,ORG (ORGANIC)
722,ORZEL,ORZEŁ SPÓŁKA AKCYJNA,ORL (ORZLOPONY)
723,ORPHEE,ORPHEE SA,ORP (ORPHEE)
724,OUTDOORZY,OUTDOORZY SPÓŁKA AKCYJNA,OUT (OUTDOORZY)
725,PRESENT24,PRESENT24 SPÓŁKA AKCYJNA,P24 (PRESENT24)
726,PAS,PASSUS SPÓŁKA AKCYJNA,PAS (PASSUS)
727,PREFABET,PRZEDSIĘBIORSTWO PRZEMYSŁU BETONÓW PREFABET - BIAŁE BŁOTA SPÓŁKA AKCYJNA,PBB (PREFABET)
728,PBT,PRIME BIT GAMES SPÓŁKA AKCYJNA,PBT (PBGAMES)
729,PHOTON,PHOTON ENERGY N.V.,PEN (PHOTON)
730,PATENT-FUND,PATENT FUND SPÓŁKA AKCYJNA,PFD (PATFUND)
731,PERMA-FIX-MEDICAL,PERMA-FIX MEDICAL SPÓŁKA AKCYJNA,PFM (PFMEDICAL)
732,PHIWIERZY,PHI WIERZYTELNOŚCI SPÓŁKA AKCYJNA,PHI (PHIWIERZY)
733,PHARMENA,PHARMENA SPÓŁKA AKCYJNA,PHR (PHARMENA)
734,PIG,PLANET INNOVATION GROUP SPÓŁKA AKCYJNA,PIG (PLANETINN)
735,PIK,PIK SPÓŁKA AKCYJNA,PIK
736,PROPERTYF,PROPERTY LEASE FUND SPÓŁKA AKCYJNA,PLE (PROPERTYF)
737,PLG,PL GROUP SPÓŁKA AKCYJNA,PLG (PLGROUP)
738,PLATIGE-IMAGE,PLATIGE IMAGE SPÓŁKA AKCYJNA,PLI (PLATIGE)
739,POLMAN,POLMAN SPÓŁKA AKCYJNA,PLM (POLMAN)
740,POLMT,POLSKA MEAT SPÓŁKA AKCYJNA,PME (POLMT)
741,PMF,PREMIUM FUND SPÓŁKA AKCYJNA,PMF (PREMIUMF)
742,PRIME-MINERALS,PRIME MINERALS SPÓŁKA AKCYJNA,PMT (PRIME)
743,PNT,POINTPACK.PL SPÓŁKA AKCYJNA,PNT (POINTPACK)
744,PRO-LOG,PRO-LOG SPÓŁKA AKCYJNA,PRL (PROLOG)
745,PARTNER-NIERUCHOMOSCI,PARTNER-NIERUCHOMOŚCI SPÓŁKA AKCYJNA,PRN (PARTNER)
746,APN-PROMISE,A.P.N. PROMISE SPÓŁKA AKCYJNA,PRO (PROMISE)
747,PRYMUS,PRYMUS SPÓŁKA AKCYJNA,PRS (PRYMUS)
748,PLASMA-SYSTEM,PLASMA SYSTEM SPÓŁKA AKCYJNA,PSM (PLASMA)
749,PRESTO,PRESTO SPÓŁKA AKCYJNA,PST (PRESTO)
750,PTE,PARCEL TECHNIK SPÓŁKA AKCYJNA,PTE (PARCELTEC)
751,POLTRONIC,POLTRONIC SPÓŁKA AKCYJNA,PTN (POLTRONIC)
752,PTWP,POLSKIE TOWARZYSTWO WSPIERANIA PRZEDSIĘBIORCZOŚCI SPÓŁKA AKCYJNA,PTW (PTWP)
753,PUR,PURE BIOLOGICS SPÓŁKA AKCYJNA,PUR (PURE)
754,PYLON,PYLON SPÓŁKA AKCYJNA,PYL (PYLON)
755,QON,QUARTICON SPÓŁKA AKCYJNA,QON (QUARTICON)
756,QUART-DEVELOPMENT,QUART DEVELOPMENT SPÓŁKA AKCYJNA,QRT (QUART)
757,QUBICGMS,QUBICGAMES SPÓŁKA AKCYJNA,QUB (QUBICGMS)
758,ROBINSON-EUROPE,ROBINSON EUROPE SPÓŁKA AKCYJNA,RBS (ROBINSON)
759,ROCCA,ROCCA SPÓŁKA AKCYJNA,RCA (ROCCA)
760,RUCH-CHORZOW,RUCH CHORZÓW SPÓŁKA AKCYJNA,RCW (RUCHCHORZ)
761,READ-GENE,READ-GENE SPÓŁKA AKCYJNA,RDG (READGENE)
762,REMEDIS,REMEDIS SPÓŁKA AKCYJNA,REM (REMEDIS)
763,ROVITA-SPOLKA,ROVITA SPÓŁKA AKCYJNA,ROV (ROVITA)
764,RSP,REMOR SOLAR POLSKA SPÓŁKA AKCYJNA,RSP (REMORSOL)
765,RSY,RSY SPÓŁKA AKCYJNA,RSY
766,S4E,S4E SPÓŁKA AKCYJNA,S4E
767,SOFTBLUE,SOFTBLUE SPÓŁKA AKCYJNA,SBE (SOFTBLUE)
768,SCP,SCOPE FLUIDICS SPÓŁKA AKCYJNA,SCP (SCPFL)
769,STEM-CELLS-SPIN,STEM CELLS SPIN SPÓŁKA AKCYJNA,SCS (STEMCELLS)
770,SEVENET,SEVENET SPÓŁKA AKCYJNA,SEV (SEVENET)
771,SFD,SFD SPÓŁKA AKCYJNA,SFD
772,POLKAP,SKOCZOWSKA FABRYKA KAPELUSZY POLKAP SPÓŁKA AKCYJNA,SFK (SFKPOLKAP)
773,SFERANET,SFERANET SPÓŁKA AKCYJNA,SFN (SFERANET)
774,SAKANA,SAKANA SPÓŁKA AKCYJNA,SKN (SAKANA)
775,SLK,ŚLĄSKIE KAMIENICE SPÓŁKA AKCYJNA,SLK (SLASKIEKA)
776,SMS-KREDYT-HOLDING,SMS KREDYT HOLDING SPÓŁKA AKCYJNA,SMS (SMSKREDYT)
777,SNG,SYNERGA.FUND SPÓŁKA AKCYJNA,SNG (SYNERGA)
778,SP1,MATRX PHARMACEUTICALS SPÓŁKA AKCYJNA,SP1 (SPAC1)
779,SPARKVC,SPARK VC SPÓŁKA AKCYJNA,SPK (SPARKVC)
780,SURFLAND,SURFLAND SYSTEMY KOMPUTEROWE SPÓŁKA AKCYJNA,SSK (SURFLAND)
781,STANDREW,STANDREW SPÓŁKA AKCYJNA,STD (STANDREW)
782,STOPKLATKA,STOPKLATKA SPÓŁKA AKCYJNA,STK (STOPKLA)
783,STO,STOPPOINT SPÓŁKA AKCYJNA,STO (STOPPOINT)
784,SUMMA-LINGUAE,SUMMA LINGUAE SPÓŁKA AKCYJNA,SUL (SUMMALING)
785,SUNTECH,SUNTECH SPÓŁKA AKCYJNA,SUN (SUNTECH)
786,SYMBIO-POLSKA,SYMBIO POLSKA SPÓŁKA AKCYJNA,SYM (SYMBIO)
787,SZAR,SZAR SPÓŁKA AKCYJNA,SZR (SZAR)
788,TERMO2PWR,TERMO2POWER SPÓŁKA AKCYJNA,T2P (TERMO2PWR)
789,TECHMADEX,TECHMADEX SPÓŁKA AKCYJNA,TDX (TECHMADEX)
790,THD,THE DUST,THD (THEDUST)
791,TECHINVGR,TECH INVEST GROUP SPÓŁKA AKCYJNA,TIG (TECHINVGR)
792,TELGAM,PRZEDSIĘBIORSTWO TELEKOMUNIKACYJNE TELGAM SPÓLKA AKCYJNA,TLG (TELGAM)
793,TLH,TELEHORSE SPÓŁKA AKCYJNA,TLH (TELEHORSE)
794,TELESTO,TELESTO SPÓŁKA AKCYJNA,TLO (TELESTO)
795,TELESTRADA,TELESTRADA SPÓŁKA AKCYJNA,TLS (TELESTR)
796,TELIANI-VALLEY,TELIANI VALLEY POLSKA SPÓŁKA AKCYJNA,TLV (TELIANI)
797,TERMOEXPERT,TERMOEXPERT SPÓŁKA AKCYJNA,TME (TERMOEXP)
798,TELEMEDYCYNA,TELEMEDYCYNA POLSKA SPÓŁKA AKCYJNA,TMP (TELEMEDPL)
799,TAMEX,TAMEX OBIEKTY SPORTOWE SPÓŁKA AKCYJNA,TOS (TAMEX)
800,TAX-NET,TAX-NET SPÓŁKA AKCYJNA,TXN (TAXNET)
801,ARTP-CAPITAL,ARTP CAPITAL SPÓŁKA AKCYJNA,TYP (ARTP)
802,UFC,UNIFIED FACTORY SPÓŁKA AKCYJNA,UFC (UNIFIED)
803,ULG,ULTIMATE GAMES SPÓŁKA AKCYJNA,ULG (ULTGAMES)
804,UNITED,UNITED SPÓŁKA AKCYJNA,UTD (UNITED)
805,VAB,VABUN SPÓŁKA AKCYJNA,VAB (VABUN)
806,VAR,VARSAV GAME STUDIOS SPÓŁKA AKCYJNA,VAR (VARSAV)
807,VENTURE-CAPITAL-POLAND,VENTURE CAPITAL POLAND SPÓŁKA AKCYJNA,VCP
808,VIDIS,VIDIS SPÓŁKA AKCYJNA,VDS (VIDIS)
809,MPL-VERBUM,MPL VERBUM SPÓŁKA AKCYJNA,VER (MPLVERBUM)
810,VIATRON,VIATRON SPÓŁKA AKCYJNA,VIA (VIATRON)
811,VIRTUAL-VISION,EUROINVESTMENT SPÓŁKA AKCYJNA,VIV (VISION)
812,VAKOMTEK,VAKOMTEK SPÓŁKA AKCYJNA,VKT (VAKOMTEK)
813,VOI,VOICETEL COMMUNICATIONS SPÓŁKA AKCYJNA,VOI (VOICETEL)
814,VERBICOM,VERBICOM SPÓŁKA AKCYJNA,VRB (VERBICOM)
815,VTE,VERTE SPÓŁKA AKCYJNA,VTE (VERTE)
816,WDB-BROKERZY-UBEZPIECZENIOWI,WDB BROKERZY UBEZPIECZENIOWI SPÓŁKA AKCYJNA,WDB (WDBBU)
817,WERTH-HOLZ,WERTH-HOLZ SPÓŁKA AKCYJNA,WHH (WERTHHOLZ)
818,WODKAN,WODKAN PRZEDSIĘBIORSTWO WODOCIĄGÓW I KANALIZACJI SPÓŁKA AKCYJNA,WOD (WODKAN)
819,WEST-REAL-ESTATE,WEST REAL ESTATE SPÓŁKA AKCYJNA,WRE (WESTREAL)
820,WIERZYCIEL,WIERZYCIEL SPÓŁKA AKCYJNA,WRL (WIERZYCL)
821,WTF,WOLFS TECHNOLOGY FUND SPÓŁKA AKCYJNA,WTF (WOLFSTF)
822,XPLUS,XPLUS SPÓŁKA AKCYJNA,XPL (XPLUS)
823,NEPTIS,NEPTIS SPÓŁKA AKCYJNA,YAN (NEPTIS)
